debtor_name,Primary Phone,sunbiz_email,Agent Name,Agent Address,Filing Date,Principal Address,Officer Names,enhanced_distress_level,city,sunbiz_doc_num
HUBBLE BUBBLE CORP,305-542-4382,HGUERRERO@ARCFLA,,",  ",,",  ","THOMAS        W HUBBLE, THOMAS        W HUBBLE, ROLANDO       J DELGADO, EDUARDO       J GARCIA",DEFUNCT,HALLANDALE BEACH,P05000088319
SABOR VENEZOLANO INC,305-716-0785,INTLGROUP@GMAIL.COM,,",  ",,",  ","ROMY RECIO, ROMY RECIO, MARIA         C NAVARRO, MARIA         E SERRUDO, MARIA         E SERRUDO",DEFUNCT,HIALEAH,P05000122901
FIRE ON THE BAYOU NSB LLC,386-956-1879,fireonthebayounsb@gmail.com,,",  ",,",  ",JASON ACKERMAN,CRITICAL,NEW SMYRNA BEACH,L24000153414
LAKE WALES BOWL LLC,315-778-8744,strikeslakewales@outlook.com,,",  ",,",  ","Floyd         Jr. Henderson, HENDERSON     JR FLOYD",HIGH,LAKE WALES,L22000280714
BUTTERFIELDS SOUTHERN CAFE LLC,561-252-9089,mike@butterfieldcafe.com,,",  ",,",  ","Amber         A Foley, MICHAEL       C FOLEY, MICHAEL       C FOLEY, VICTOR        J ASENCIO",HIGH,ROYAL PALM BEACH,L06000082638
GEORGE ALLEN ENTERPRISES,321-704-3334,Keviny1985@yahoo.com,,",  ",,",  ","KEVIN YOUNG, KEVIN         kevin YOUNG, JOSHUA KASTON, JOSHUA KASTON",HIGH,ORLANDO,L16000050334
JOYS ROTI DELIGHT,239-850-9451,,,",  ",,",  ",,HIGH,LAUDERHILL,
STARSON LLC,727-754-0062,Starson900@gmail.com,,",  ",,",  ","MICHAEL       E YODER, MICHAEL       E YODER, JERRY         ESQ GOTTLIEB, Michael       P Janecek",HIGH,HARBOR BLUFFS,L18000061551
MILLER'S JAMAICAN CUISINE LLC,407-776-9271,SUZETTEMILLER345@GMAIL.COM,,",  ",,",  ","ROBERT MILLER, SUZETTE MILLER, SUZETTE MILLER, IYKE          O OKAFOR, RACHEL        A SAVELA",HIGH,ORLANDO,L18000063321
URBAN SOUL DAIQUIRIS & WINGZ LLC,404-438-7795,STEVEABROCK@GMAIL.COM,,",  ",,",  ","STEVE         A BROCK, STEVE         A BROCK",HIGH,DAYTONA BEACH,L24000201987
"BELL & BROWN ENTERPRISES, LLC",254-630-9336,theglasshouselounge@gmail.com,,",  ",,",  ","ABIGAIL BELL, JOSHUA BROWN, JOSHUA BROWN",HIGH,PINE CASTLE,L23000400386
KAVA VILLA CORP,786-355-7577,EFILE1234@INCFILE.COM,,",  ",,",  ","SHAHIN HYDER, HYDER SHAHIN, GINA MILLIGAN, ADAM MILLIGAN, ADAM MILLIGAN",HIGH,MIAMI,P23000032177
KALALOU CARAIBBEAN BAR AND GRILL LLC,321-961-2299,vertyelysee@gmail.com,,",  ",,",  ","Tamar         C Verty, Jessica       F VERTY, ELIZE VERTY, Elize         F Verty",HIGH,ORLANDO,L17000193010
THE GREEN IGUANA BAR & GRILL INC,813-837-1234,badams@greeniguana.com,,",  ",,",  ",RICHARD       A CALDERONI,HIGH,TAMPA,P01000087457
THE CAFE LLC,704-328-6109,adwchelsea@icloud.com,,",  ",,",  ","ROBERT        L MOORE, DARYLE        S MOORE, ROBERT        L MOORE, JANE          E WOOD, ANTHONY       D WOOD",HIGH,NAPLES,L03000003254
ROKO INVESTMENTS LLC,954-541-5284,Olenkasweets@gmail.com,,",  ",,",  ","PRASAD MENON, PRASAD MENON, oscar         a prieto urtecho, oscar         A Prieto urtecho",HIGH,WESTON,L20000065825
CANTINA VIAJERO LLC,214-995-5010,karin@baalegal.com,,",  ",,",  ",RITHEA SOM,HIGH,TRINITY,L21000521990
BOCA GRILL INC,561-419-8434,RL@goldstandardofcare.com,,",  ",,",  ","YAKOV LEVI, yakov levi, MICHAEL VERBITSKY, RICKI KANETI, David Itskovich",HIGH,BOCA RATON,P14000097905
CANOPY ROAD CAFE LLC,407-967-1149,draneymd@aol.com,,",  ",,",  ","JUAN          B SANCHEZ, JUAN          C SANCHEZ, Brad Buckenheimer, DAVID RANEY",HIGH,TALLAHASSEE,L06000112400
THE ROYAL FAMILY INVESTMENTS LLC,407-777-0817,homespecialist18@icloud.com,,",  ",,",  ","Jose          A Taveras, JOSE TAVERAS",HIGH,ORLANDO,L16000112347
KUACHOS 305 INC,786-569-4469,MTMCUISINE@GMAIL.COM,,",  ",,",  ","JESSICA PRINSTEIN, CLAUDIO FERRARI, MARCIAL       E AVERO, MARCIAL       E AVERO",HIGH,MIAMI,P23000039559
FARM TO TACO LLC,727-203-8129,farmtotaco@gmail.com,,",  ",,",  ","CHRISTINE ROBINSON, Christine Robinson",HIGH,TRINITY,L24000482197
GIGGLEWATERS MOBILE KITCHENS LLC,212-203-2449,hilaryhhawks@gmail.com,,",  ",,",  ","HILARY HAWKS, HILARY HAWKS",HIGH,CLEARWATER,L24000130591
NAKAMA ANIME CAFE LLC,865-640-3066,shawnlim212@gmail.com,,",  ",,",  ","SHAWN LIM, SHAWN LIM",HIGH,ORANGE PARK,L23000101810
DE BOER GROUP INC,904-749-0775,VICTORESTATESLLC@GMAIL.COM,,",  ",,",  ","JUSTIN        A DE BOER, JUSTIN        A DE BOER, JUSTIN        A DE BOER, VICTOR CACERES, VICTOR CACERES",HIGH,YULEE,P22000078540
"LE PAVILLON OF ST. AUGUSTINE, LLC",904-377-7610,chezlamouruptown@gmail.com,,",  ",,",  ","BRUCE FEINGOLD, BRUCE FEINGOLD, Jeanetta Salyer",HIGH,ST AUGUSTINE,L15000094848
ARIO LLC,407-724-6910,ORMOD1717@GMAIL.COM,,",  ",,",  ",,HIGH,PANAMA CITY BEACH,691508
PRONTO PIZZA INC,561-842-5660,betty@bonosbarbq.com,,",  ",,",  ",,HIGH,OCALA,S58617
LA GUAJIRA PIZZERIA CUBANA LLC,786-253-0514,dianelisjesus@hotmail.com,,",  ",,",  ","RAYMOND ALLEN, RAYMOND ALLEN, RAYMOND ALLEN, RAYMOND ALLEN, RAYMOND ALLEN",MODERATE,HIALEAH,L18000056261
"AROY THAI & SUSHI, INC.",813-562-1010,cindy@commpropmanagement.com,,",  ",,",  ","JOHAN SANTANA, BERKRERK SOONTORN, BERKRERK SOONTORN",MODERATE,PETERSBURG,P17000030239
"RINCONCITO LATINO CAFETERIA, INC.",305-606-9323,usa.managementco@gmail.com,,",  ",,",  ","JOSE          M MORENO, JOSE          M MORENO",MODERATE,MIAMI,P00000052583
THE URBAN OAK BRICK OVEN LLC,727-858-7346,theurbanoakbrickoven@gmail.com,,",  ",,",  ","John Beebe, Kaleigh Kindem, CONNIE        H BEEBE, PAUL KINDEM, JOHN          S BEEBE",MODERATE,NEW PORT RICHEY,L20000202268
FOSTERS BBQ,561-460-3490,,,",  ",,",  ",,MODERATE,WEST PALM BCH,
"HOMELAB SOLUTIONS, LLC",305-924-1043,YURIBALART@HOTMAIL.COM,,",  ",,",  ","GERARDO PACHECO, GERARDO PACHECO",MODERATE,MIAMI,L20000240643
"AFRO LOUNGE, LLC",610-657-4069,accahorlu@gmail.com,,",  ",,",  ","Irene Ahorlu, PATRICK AHORLU, PATRICK AHORLU",MODERATE,HOLLYWOOD,L22000267896
CHARLIE'S HAPPY CORN INC,863-484-3198,dazesouvenir@yahoo.com,,",  ",,",  ","MIRIAM MORENO, MIRIAM MORENO, RALPH SOUVENIR, RALPH SOUVENIR",MODERATE,PALM SPRINGS,P15000057271
"RP PALM BEACH, LLC",561-296-7699,jason@jasonhamilton.ink,,",  ",,",  ","INIGO         N ARDID, CHARLOTTE     R SEVILLA, DIEGO ARDID, Inigo Ardid, MARK          W CORNS",MODERATE,WEST PALM BEACH,M16000007837
"JERK MACHINE @ RIVER BEND FT LAUDERDALE, LLC",954-440-4556,jerkmachine3@gmail.com,,",  ",,",  ","KIRSTEN PARDO VOGEL, KIRSTEN PARDO VOGEL, Diedre Malcolm, Diedre Malcolm",MODERATE,FORT LAUDERDALE,L15000039729
TIKI TIMS LLC,727-290-5274,tikitims2020@gmail.com,,",  ",,",  ","TIMOTHY ESKRIDGE, SHANI DUVALL, SHANI DUVALL, ALEXANDER RANGEL, ALEXANDER RANGEL",MODERATE,PINELLAS PARK,L24000054131
CREAM FUSION LLC,954-982-4640,cummingsdevon@gmail.com,,",  ",,",  ","DEVON CUMMINGS, DEVON CUMMINGS",MODERATE,GREENACRES,L24000456582
MARGO'S KITCHEN LLC,917-365-6753,margoskitchen63@gmail.com,,",  ",,",  ","LYNDA MONDESIR, LYNDA MONDESIR",MODERATE,BOYNTON BEACH,L22000311762
"THREE ODD GUYS BREWING, LLC",407-703-2051,trod@threeoddguysbrewing.com,,",  ",,",  ","PHILLIP       RII DEEMS, TROD          OJR BUGGS, Trod          O Buggs, Jr",MODERATE,APOPKA,L17000213381
VELCHOFF'S CORNER LLC,386-530-9021,donnafeibelman@gmail.com,,",  ",,",  ","RICHARD       Y FEIBELMAN, DONNA         H FEIBELMAN, Donna         H Feibelman",MODERATE,PALATKA,L20000310567
ANDY D'S FOOD OF NAVARRE LLC,850-200-0702,STAFF@DURSTJORDAN.COM,,",  ",,",  ","LUCIANA RINCON HERNANDEZ, LUCIANA RINCON HERNANDEZ, ANDREW DEMARTIN, ANDREW DEMARTIN",MODERATE,NAVARRE,L23000055064
STREETERS ACCLAIMED KITCHEN LLC,904-418-0571,JOHNATHANSTREETER99@GMAIL.COM,,",  ",,",  ","Johnathan Streeter, JOHNATHAN     M STREETER",MODERATE,JACKSONVILLE,L20000227218
"TACO WORKS DOWNTOWN, LLC",239-246-1246,brad@thecozzateam.com,,",  ",,",  ","Bradley       E Cozza, bradley cozza",MODERATE,CAPE CORAL,L22000092407
"BURGERS ON POINT, LLC",813-654-3232,chicagosbestburgers@gmail.com,,",  ",,",  ","DANIEL FRANCO ROA, STALIN        J VASQUEZ PERDOMO, Lisa          M Hernandez Williams, Lisa          M Hernandez Williams",MODERATE,BRANDON,L17000035216
GRILLE 19 ASIAN FUSION INC,727-459-5309,KWALTON@CENTURYLINK.NET,,",  ",,",  ","KATRINA WALTON, KATRINA WALTON, SEAN NGUYEN, SEAN NGUYEN",MODERATE,PORT RICHEY,P22000090515
HIBACHI JOSE RESTAURANT LLC,352-217-0349,RUBIS.ROVIRA@WEINSUREGROUP.COM,,",  ",,",  ","JOSE HERRERA SANDOVAL, JOSE HERRERA SANDOVAL",MODERATE,LEESBURG,L24000118961
BILYK INVESTMENT GROUP LLC,407-361-9111,bilykinvestmentgroup@gmail.com,,",  ",,",  ","JUSTIN        D BILYK, JUSTIN BILYK",MODERATE,KISSIMMEE,L22000440270
HOOKED ON JUPITER LLC,561-203-2301,arthur@b-hooked.com,,",  ",,",  ",,MODERATE,JUPITER,L24000116498
TACO TIME MEXICAN GRILL LLC,352-516-8232,tacotime@yahoo.com,,",  ",,",  ","MEHDI MALEKIHA, MEHDI MALEKIHA, ALMA GUZMAN, Alma Guzman",MODERATE,EUSTIS,L19000091741
ROMI RIPA LLC,727-233-9200,Roumeliia@gmail.com,,",  ",,",  ","KIMARA WEEKS, ADRIAN WEEKS, LASHAY JOHNSON, ALLEGRE BROWN, RAFAEL SALAZAR NAVARRO",MODERATE,HUDSON,L23000001835
"WILD OLIVES MARKET, LLC",850-259-3541,WILDOLIVES@MCHSI.COM,,",  ",,",  ","GONZALO NAVARRO, GONZALO NAVARRO, CHRIS         M TROVAS, Ivy           M Smith",MODERATE,SANTA ROSA BEACH,L08000100719
"CABANA CAFE RESTAURANT, INC",850-424-3574,destinaccounting@yahoo.com,,",  ",,",  ","WAYNE         A ANDERSON, WAYNE         A ANDERSON, VICENTE LOPEZ, REBECCA MONTANEZ, CARLOS        E CORTES",MODERATE,MIRAMAR BEACH,P07000052048
JAKE & HENRY'S LLC,850-259-3541,259matt@gmail.com,,",  ",,",  ","MARC VERDERAME, ANTHONY VERDERAME, JOANNE VERDERAME, JOANNE VERDERAME, YUNIER PADRON REYES",MODERATE,FORT WALTON BEACH,L21000007000
RICO PAN BAKERY CAFE INC,407-814-4236,,,",  ",,",  ",,MODERATE,KISSIMMEE,
TATLICI FOOD INC,312-709-3413,FLfilings@northwestregisteredagent.com,,",  ",,",  ","SUMMER        W TATLICI, SUMMER        W Tatlici, Matthew Szaro",MODERATE,CLEARWATER,P23000044029
"3 DAUGHTERS BREWING, LLC",727-495-6002,jessica@3dbrewing.com,,",  ",,",  ",MICHAEL HARTING,MODERATE,ST. PETERSBURG,L12000143754
CANDELA GASTRO BAR CORP,786-354-4942,DRESSAMSEDRAK@HOTMAIL.COM,,",  ",,",  ","Edgar Aray, Mauricio Villafanez, MONA MEGALLA, ESSAM SEDRAK, ESSAM SEDRAK",MODERATE,MIAMI,P16000085597
LICK-IT BBQ & WOOD FIRED PIZZA,305-986-2999,mgonzalez@turnercpas.com,,",  ",,",  ","RAUL          A BUSQUET, RAUL          A BUSQUET",MODERATE,MIAMI,L23000092128
M&L TARPON SPRINGS LLC,727-301-9804,MARTINSELEEM@GMAIL.COM,,",  ",,",  ","THOMAS        CPA BELLANTE, THOMAS        CPA BELLANTE, GARYN ANGEL, THOMAS        J BELLANTE, Herbert       WEsq. Larson",MODERATE,TARPON SPRINGS,L15000030285
JLB BEACH LLC,561-249-2795,mikeryan32645@yahoo.com,,",  ",,",  ","Keith Washington, Gerard Hansen, MICHAEL       JEsq. RYAN",MODERATE,RIVIERA BEACH,L17000230417
"AMERICAN ICON BREWERY, LLC",954-500-4266,kromano@americaniconbrewery.com,,",  ",,",  ","Thomas        C Berry, MICHAEL       R RECHTER, Thomas Berry",MODERATE,BOYNTON BEACH,L15000165403
TROY A STEPHENS,352-475-3015,THEFROZENPELICAN@GMAIL.COM,,",  ",,",  ",,MODERATE,MELROSE,
AVENUE BLU,813-494-5615,info@avenueblu.com,,",  ",,",  ",DONNY         III SMALLWOOD,MODERATE,RIVERVIEW,L23000534593
ST. ANDREWS SLICE HOUSE LLC,850-276-2925,phillmmercer@gmail.com,,",  ",,",  ",PHILLIP       M MERCER,MODERATE,PANAMA CITY,L23000357856
MARES REAL PERUVIAN CUISINE,407-218-2328,snardella@nardellalaw.com,,",  ",,",  ","JAMES DURAN, JAMES DURAN, Arturo Gamio",MODERATE,HUNTERS CREEK,L22000085696
THE ELUSIVE GRAPE INC,386-785-2467,elusivegrape@cfl.rr.com,,",  ",,",  ","JENNIFER      L BUDZINSKI, WILLIAM       JJR. BUDZINSKI, WILLIAM       J BUDZINSKI",MODERATE,DELAND,P03000101986
LA PICANA GRILL RESTAURANTE,786-848-5356,lapicanagrillrestaurante@gmail.com,,",  ",,",  ","DIEGO         R PEREYRA MEJIA, JOSUE         R ECHETO CAMPO",MODERATE,MIAMI,L24000388678
APOCALYPSE BBQ LLC,305-613-9112,Alfredbeato@lgadvice.com,,",  ",,",  ","JEFFREY BUDNECHKY, JEFFREY BUDNECHKY",MODERATE,MIAMI,L20000201249
BURGERS ON POINT LLC,813-654-3232,chicagosbestburgers@gmail.com,,",  ",,",  ","DANIEL FRANCO ROA, STALIN        J VASQUEZ PERDOMO, Lisa          M Hernandez Williams, Lisa          M Hernandez Williams",MODERATE,BRANDON,L17000035216
LA COLOMBIANITA BAKERY AND RESTAURANT LLC,863-205-0801,LACOLOMBIANITALLC1@GMAIL.COM,,",  ",,",  ","NELSON ROBLEDO, JACQUELINE ORTIZ, NELSON ROBLEDO",MODERATE,DAVENPORT,L22000405264
SOUL HIBACHI,321-614-8002,info@soulhibachi.com,,",  ",,",  ","MAURICE WRIGHT, MAURICE WRIGHT, Isis Barnes, ISIS BARNES",MODERATE,TITUSVILLE,L18000026696
"CANTINA VIAJERO, LLC",214-995-5010,karin@baalegal.com,,",  ",,",  ",RITHEA SOM,MODERATE,TRINITY,L21000521990
MATOS ELITE ENTERPRISES LLC,908-294-2022,aeswfl@gmail.com,,",  ",,",  ",ANA MATOS,MODERATE,THREE OAKS,L21000352979
WENT4IT LLC,561-291-4607,FORMATIONS@WYOMINGLLCATTORNEY.COM,,",  ",,",  ","LORENA        I FILGUEIRA, ANDRES        A FILGUEIRA, ANDREA        V FILGUEIRA, ANDRES        A FILGUEIRA, JOSEPH        D ECKSTEIN",MODERATE,DELRAY BEACH,L25000003085
OLIVELLAS ITALIAN RESTAURANT AND PIZZERIA INC,407-325-7040,,,",  ",,",  ",,MODERATE,WINTER SPRINGS,
LOS PERRITOS DEL BARRIO LLC,754-231-7447,bwtusa@gmail.com,,",  ",,",  ",MARIA         A RENDON OCAMPO,MODERATE,MIAMI,L22000431477
NMR RESTAURANT INC,239-922-3051,MIKE.ALHADARI62@GMAIL.COM,,",  ",,",  ","MOHAMAD AL-HADARI, MOHAMAD       J AL-HADARI, JOANNE PETIT-FRERE, NOVILUS PETIT-FRERE, DONALD        CJR RICHBOURG",MODERATE,FORT MYERS,P23000083399
MARIO'S FAMILY RESTAURANT INC,305-224-3648,mwb_miami@yahoo.com,,",  ",,",  ","Mario         Sr. Hernandez, Mario         Sr. Hernandez, CARMENZA      O BLAUCH, MAURICE       W BLAUCH II",MODERATE,HOMESTEAD,P12000017797
EL SABOR DE MEXICO LLC,813-703-4635,DCMSERVICESCENTER@GMAIL.COM,,",  ",,",  ","JAQUELIN MUNIZ-ALVAREZ, JAQUELIN MUNIZ-ALVAREZ",MODERATE,TAMPA,L22000127806
LA PICANA GRILL LLC,786-436-6619,ANA@AKACCOUNTINGFIRMCORP.COM,,",  ",,",  ","BRIGITTE SANCHEZ LOAIZA, JOSUE ECHETO CAMPO, WILLIAM GOUT, CHRISTINE GOUT, WILLIAM GOUT",MODERATE,MIAMI,L19000014222
SAVORES LLC,772-559-4519,JESSICACHACIN@SAVORESLLC.COM,,",  ",,",  ","ALFRED        J ACOSTA NAVARRO, JESSICA CHACIN, JESSICA CHACIN",MODERATE,VERO BEACH,L23000352960
MARUKO LLC,954-531-4267,ANNIEKDU@YAHOO.COM,,",  ",,",  ","SEBASTIAN GOMEZ, MIGUEL ABENTE, FELIPE GOMEZ, SANTIAGO      P GOMEZ ZELADA, TONY CHEN",MODERATE,HOLLYWOOD,L17000066502
RA MARTINEZ SPINELLI CORP.,702-544-5222,GHANNOLD74@GMAIL.COM,,",  ",,",  ","ROBERTO MARTINEZ, GABRIEL       J HANNOLD, GABRIEL       J HANNOLD",MODERATE,ORLANDO,P21000057985
TIENDA Y TAQUERIA JERUSALEM INC,386-697-6135,debevans01@yahoo.com,,",  ",,",  ","GLENDA        N GARCIA, GLENDA        N GARCIA, DEBORAH EVANS, DEBORAH       J EVANS",MODERATE,LAKE CITY,P17000022255
BARNARD INTERNATIONAL ENTERPRISES LLC,352-223-6238,magicmeatboutique@gmail.com,,",  ",,",  ","PHILLIP       W BARNARD, Phillip Barnard",MODERATE,MOUNT DORA,L13000162147
"MCCUMBER-WRIGHT VENTURE, LLC",904-537-4513,josh.mccumber@mwvgolf.com,,",  ",,",  ","JACQUELINE    L PHARR, WILLIAM       H OGLE, W. GLENN MAYFIELD, JACKIE        L WARD, W. GLENN      E MAYFIELD",MODERATE,HOLLYWOOD,L01000022565
"ASSISTED HANDS, LLC",919-522-3450,kshaver063@gmail.com,,",  ",,",  ","HENRY GARRETT SMITH, HENRY         L SMITH, VERA SMITH, FELECIA BROWN, FELECIA BROWN",MODERATE,BATON ROUGE,M24000002063
QUATES MEXICAN RESTAURANT INC,954-635-2404,an@orlandovacationrealty.com,,",  ",,",  ","JOSE          O VILLATORO, JOSE          O VILLATORO, An Flamand, An Flamand",MODERATE,OAKLAND PARK,P16000057893
HAMMOCK GREENS INC.,239-249-7000,vanyasings@gmail.com,,",  ",,",  ","RAUL          M DUANES CESPEDES, RAUL          M DUANES CESPEDES, Kajari        R Sa-Ra, ANDREW SILVERA, VANYA         T ALLEN",MODERATE,HOLLYWOOD,G20000068329
"SHACK, INC.",386-688-7563,jbrave@tampabay.rr.com,,",  ",,",  ","DAVID         R RUPP, Gerald        LSR. Brave Sr., Michele BRAVE",MODERATE,REDDING,L20000320613
"SYLVAIN'S CARIBBEAN RESTAURANT AND CATERING, LLC",386-517-3583,SERVICE@MARSOLU.COM,,",  ",,",  ","LEUWHANA SYLVAIN, EJUSTE SYLVAIN, LEUWHANA SYLVAIN",MODERATE,PALM COAST,L16000170118
"MYAMIBACHI, LLC",561-597-3216,maria.moreno@pointax.com,,",  ",,",  ","JESSENIA GONZALEZ, XIBILLE SALAZAR, MICHAEL SALAZAR, Michael Salazar, KATHLEEN      I TERRY",MODERATE,MIAMI,L22000013821
"NAKAMA ANIME CAFE, LLC",865-640-3066,shawnlim212@gmail.com,,",  ",,",  ","SHAWN LIM, SHAWN LIM",MODERATE,ORANGE PARK,L23000101810
"BUT FIRST COFFEE SHOP, LLC",407-655-9388,butfirstcoffeeshop@yahoo.com,,",  ",,",  ","Ihomar Feliciano, Frances       M Rojas, FRANCES       M ROJAS",MODERATE,PINE CASTLE,L21000516847
LADY SUGAR SHACK BBQ INC.,407-600-5014,office@yourodt.com,,",  ",,",  ","LYNETTE       M BURGESS, LYNETTE       M BURGESS, CHRIS GOBELI, CHRIS GOBELI",MODERATE,DAYTONA BEACH,P24000055217
MEMESH GROUP INC,813-900-6893,BOWLESJOHNNY62@GMAIL.COM,,",  ",,",  ","MOAMAN KHALIFA, MOAMAN KHALIFA, JHONNY        P BOWLES RIVERO, VADIR NALLAR NODA, JHONNY        P BOWLES RIVERO",MODERATE,TAMPA,P24000067961
KELOKE DOMINICAN FOOD TRUCK LLC,954-847-0026,Claudygabriella@gmail.com,,",  ",,",  ","MAXIMILIANO ALFONZO, MAXIMILIANO ALFONZO, SAURI         J POLANCO, CLAUDIA       N LOPEZ, Sauri         J Polanco",MODERATE,FORT LAUDERDALE,L22000067160
FRADIAVOLO,786-216-5697,lakesidecustompoolsfl@gmail.com,,",  ",,",  ","DAVIS         C FALK, DAVIS         C FALK",MODERATE,MIAMI,G24000102388
MJG INC,716-432-2973,CBABBOTT2001@YAHOO.COM,,",  ",,",  ","MARY JANE STAGI, MARY JANE STAGI, PAUL OSBORNE, CHRISTOPHER ABBOTT, CHRISTOPHER ABBOTT",MODERATE,HALLANDALE BEACH,L06000093407
MIAMI,786-449-4300,KINGSTEVENMENA@GMAIL.COM,,",  ",,",  ","YOANDY HERNANDEZ ACOSTA, YOANDY HERNANDEZ ACOSTA, STEVEN MENA, STEVEN MENA",MODERATE,MIAMI,L21000076993
MATTIE'S DELECTABLE DESSERTS INC.,407-467-4210,CLAUDIA@PIEDRACPA.COM,,",  ",,",  ","PETER         A BERNARD, Brenda        L Bernard, Brenda        L Bernard, CARLOS        A GOROSITO, BENJAMIN      J VIJNOVSKY",MODERATE,ORLANDO,P11000109075
LAWTON CITY CORP,786-956-7436,hdumeus@hotmail.com,,",  ",,",  ","CARLOS ERNESTO SANTANA ESTRADA, DANIEL GONZALEZ SUZARTE, DANIEL GONZALEZ SUZARTE, HUGUETTE DUMEUS, HUGUETTE DUMEUS",MODERATE,MIAMI,P24000037048
CHOP LLC,850-736-9802,drew@taylorevents.com,,",  ",,",  ","DREW LAWLESS, GORAN DRASKOVIC, GORAN DRASKOVIC, MILDRED HICKS, BETTY         J GORDON",MODERATE,PONTE VEDRA BEACH,N13000003407
XCLUSIVE EATZ LLC,352-682-6111,Edwinfaircloth@yahoo.com,,",  ",,",  ","JUSTINA       F CAPUTO, EMMANUEL      J ROUZA, EMMANUEL      J ROUZA, KEYSHONNA KELLUM, EDWIN FAIRCLOTH",MODERATE,GAINESVILLE,L21000089762
212 EATS LLC,209-420-4874,ANTOINNEF@GMAIL.COM,,",  ",,",  ","ENCO FERREIRAS, ANTOINNE      R FIGUEROA, Antoinne      R Figueroa, JULIANA ALVAREZ, CRISTINA      E CERNUDA",MODERATE,WEST PARK,L22000035385
"HAPPINESS IS..., LLC",603-391-4129,,,",  ",,",  ",,MODERATE,ORMOND BEACH,411648
LA VACA LOCA CHURRASQUERIA LLC,305-354-6919,AVONDALE.BUSINESS.SERVICES@GMAIL.COM,,",  ",,",  ","THERESA RITACCO, THERESA RITACCO",MODERATE,PRINCENTON,P22000078947
BIZZARRO PIZZA COMPANY,321-302-2810,JENNIFER233@AOL.COM,,",  ",,",  ","PETER         J BIZZARRO, PETER JR. BIZZARRO, JENNIFER ANN MANJARRES, JENNIFER ANN MANJARRES",MODERATE,SATELLITE BEACH,P10000039054
HICKS SEAFOOD HOUSE OF APOPKA LLC,407-255-0538,hicksseafoodapk@gmail.com,,",  ",,",  ","WILLIAM HICKS, WILLIAM HICKS",MODERATE,APOPKA,L23000535473
YOU DIRTY DOG,631-903-2572,,,",  ",,",  ","LARRY BLANKENHORN, SANDY BLANKENHORN",MODERATE,POMPANO BEACH,P02000061207
BAK A YAAD CUISINE LLC,954-496-5935,bakayaadcuisine@gmail.com,,",  ",,",  ","ANTOINE FRANCIS, SHIVETTE FRANCIS, SHIVETTE FRANCIS",MODERATE,LAUDERDALE LAKES,L21000058562
CASITA LUNA MEXICAN RESTAURANT LLC,352-512-2019,Casitalunamexicanrestaurantllc@gmail.com,,",  ",,",  ","REYNA LUNA GUTIERREZ, ASHLEY ZELAYA",MODERATE,OCALA,L23000093587
DINA ABDEL MEDITERRANEAN DINER LLC,727-233-2173,Far13Abde@Gmail.com,,",  ",,",  ","DINA FARHANI, ABDELJELIL FARHANI, DINA FARHANI",MODERATE,PORT RICHEY,L23000406035
RED GROUPER TAVERN LLC,941-441-7661,jkasmirski@outlook.com,,",  ",,",  ","JAMES         M KASMIRSKI, JAMES         M KASMIRSKI",MODERATE,VENICE,L21000383103
NEON COCONUTS INC,305-339-0811,christine@partyhelp4u.com,,",  ",,",  ","MARIA         F CHACON, Maria         F Chacon, CHRISTINE BRETANA, DANIEL BRETANA, CHRISTINE BRETANA",MODERATE,DORAL,P21000027098
EL MARIACHI LOCO MEXICAN RESTAURANT,904-704-0193,SOFIATAMPABAY@HOTMAIL.COM,,",  ",,",  ","SOFIA PAULINO, SOFIA PAULINO",MODERATE,PORT RICHEY,L24000242477
A TASTE OF PUERTO RICO,772-800-8867,yfigueroa44.yf@gmail.com,,",  ",,",  ",YVONNE FIGUEROA,MODERATE,PORT ST. LUCIE,L20000204596
SYLVAINS CARIBBEAN RESTAURANT AND CATERING LLC,386-517-3583,SERVICE@MARSOLU.COM,,",  ",,",  ","LEUWHANA SYLVAIN, EJUSTE SYLVAIN, LEUWHANA SYLVAIN",MODERATE,PALM COAST,L16000170118
THE CHEFS TABLE LLC,772-287-5599,,,",  ",,",  ","STEVE SABATINO, STEVEN SABATINO",MODERATE,STUART,P02000096352
LA PEQUENA COLOMBIA RESTAURANT,813-264-1177,,,",  ",,",  ","MARIELA JIMENEZ-ABADIA, MARIELA JIMENEZ-ABADIA",MODERATE,TAMPA,P94000063129
RAVISH LLC,706-504-7308,hello@ravishkitchen.com,,",  ",,",  ","RYAN GIFFIN, JORDAN RAMBIN, ALEXANDRA DUPUIS, ALEXANDRA DUPUIS",MODERATE,LANTANA,L18000289891
CEREMONY BREWING LLC,239-221-7849,MICHAEL@CHIPBUILDERSFL.COM,,",  ",,",  ","OLIVIER ANDRE, MICHAEL       J NUNEZ, MICHAEL       J NUNEZ, CARLOS        A DATENA, CARLOS        A DATENA",MODERATE,BONITA SPRINGS,G21000027783
CAFE COQUI LLC,407-394-6151,Linda@daecpa.net,,",  ",,",  ","JUANITA FERNANDEZ, RONALD        E LEVY, DANNY TOMMIE, SOPHIA BANKS, ALEX          J KURKIN",MODERATE,ORLANDO,P02000020169
HICKS SEAFOOD HOUSE OF APOPKA,407-255-0538,hicksseafoodapk@gmail.com,,",  ",,",  ","WILLIAM HICKS, WILLIAM HICKS",MODERATE,APOPKA FL,L23000535473
PAPY'S BURGER LLC,786-512-5284,larrylinares2014@gmail.com,,",  ",,",  ","KEVIN HERNANDEZ URREGO, BARBARA CARRENO CALDERA, LARRY LINARES MELERO, BARBARA CARRENO CALDERA",MODERATE,MIAMI,L21000356845
VANTAGE POINT COFFEE LLC,904-415-9275,info@vantagepointcoffee.com,,",  ",,",  ","Leo           BII Baker, LEONARD       BII BAKER",MODERATE,JACKSONVILLE,L19000239984
TAQUERIA ANGEL LLC,863-804-2763,maldonado_solutions@outlook.com,,",  ",,",  ","Nadia         E Ballin Hernandez, Nadia         E Ballin Hernandez",MODERATE,MULBERRY,L22000363189
ROXY'S PUB,561-296-7699,HOMESBYWEN@YAHOO.COM,,",  ",,",  ","WENDOLYN KINDELAN RODRIGUEZ, WENDOLYN KINDELAN RODRIGUEZ",MODERATE,WEST PALM BEACH,G24000133719
"HERRON REAL ESTATE, LLC",904-239-8073,rpd13131@yahoo.com,,",  ",,",  ","BENJAMIN POWELL, DARREN SINOPOLI, STEPHEN MCLEOD, STEPHEN       T MCLEOD, CHRISTINE     J HERRON",MODERATE,PONTE VEDRA BEACH,P19000035393
KING SEAFOOD LLC,305-923-5649,KINGSEAFOOD@ICLOUD.COM,,",  ",,",  ","ALBERTO SOLIS, JORGE TANREIRO, CARLOS        R ROSADO, JORGE MARIN, JORGE MARIN",MODERATE,MARATHON,P95000033417
THE OWL SMOKE SHOP,813-843-9386,twoolfolk@wyattfirm.com,,",  ",,",  ","JOSE CASSO, JAROLI CASSO, JAROLI        A CASSO, MARY          E ANDERSON",MODERATE,BRANDON,P22000052426
"WILTON WINGS, LLC",954-462-9696,PAULAPACE@COMCAST.NET,,",  ",,",  ","SOLOMON KEDMI, SOLOMON KEDMI, PAULA PACE, PAULA PACE",MODERATE,FORT LAUDERDALE,P07000103038
GOLDEN KRUST,407-394-9228,DANIELLEPAPPAS@BELLSOUTH.NET,,",  ",,",  ","DANIELLE      S PAPPAS, DANIELLE      S PAPPAS, BRANDON       L FALCON, BRANDON       L FALCON",MODERATE,WEST PALM BEACH,G21000029931
PANFRIDAYS LLC,954-812-4279,muschette0606@gmail.com,,",  ",,",  ","DAVE WILT, DAVE WILT, THEADORE MUSCHETTE, THEADORE MUSCHETTE",MODERATE,LAUDERHILL,L15000066704
CIRCLE GRILL LLC,850-263-3292,,,",  ",,",  ",,MODERATE,GRACEVILLE,204048
LATIN CREATIONS LLC,904-705-5406,,,",  ",,",  ",,MODERATE,JACKSONVILLE,G68608
"SHORE THANG, LLC",706-570-1513,ctobeyka@gmail.com,,",  ",,",  ","Jennifer      L Tobey, Robert        PII Roeper, CRAIG         T TOBEY, Robert        PII Roeper",MODERATE,ODESSA,L16000228587
"TRIPLE CROWN TRAILERS, LLC",352-377-0510,,,",  ",,",  ",,MODERATE,OCALA,G28217
"RAVISH, LLC",706-504-7308,hello@ravishkitchen.com,,",  ",,",  ","RYAN GIFFIN, JORDAN RAMBIN, ALEXANDRA DUPUIS, ALEXANDRA DUPUIS",MODERATE,LANTANA,L18000289891
EUPHORIA SUSHI BAR & LOUNGE LLC,386-222-9668,abello@aventuslawgroup.com,,",  ",,",  ",GALAN FRAWING,MODERATE,KISSIMMEE,L21000355525
C$C COOK LLC,407-255-0211,sgreeneiv@gmail.com,,",  ",,",  ","SUE           E GREENE, SUE           E GREEENE",MODERATE,DAVENPORT,L19000202618
LA MICHOACANA PALETERIA INC,850-708-2340,TCALVO@qualitywebplus.com,,",  ",,",  ","NORBERTO BENITEZ-CALDERON, NORBERTO BENITEZ-CALDERON, TITO          E YANEZ-CALVO, TITO YANEZ-CALVO, TITO YANEZ-CALVO",MODERATE,PANAMA CITY,P08000073334
EMPAISANAS LLC,305-721-6565,empaisanas@gmail.com,,",  ",,",  ","CHAVANNE ALTEME, CHAVANNE ALTEME, Nataly Munoz, NATALY MUNOZ",MODERATE,MIAMI,L21000058365
"CAFE FIORE, LLC",352-789-6980,JOMO.REEVES@GMAIL.COM,,",  ",,",  ","NICHOLAS      A MASTROIANNI, DONALD        MEsq. ALLISON, JENNIFER ELLIS, ANGEL         R ASTACIO, WHITNEY       M ASTACIO",MODERATE,ST. AUGUSTINE,F12000000233
"BAKER, INC.",513-325-2110,,,",  ",,",  ",,MODERATE,PALMETTO,145257
"OLDE CYPRESS DEVELOPMENT, LTD",239-596-4797,,,",  ",,",  ","FRANK         D TEETS, JR., RENEE TOLSON, ROBERT        P HARDY, LEO           J SALVATORI",MODERATE,NAPLES,P97000083910
"LAN XANG-LAO.THAI.VIETNAMESE.DIM SUM, LLC",239-398-2962,lavinahanlotxomphou@gmail.com,,",  ",,",  ","RAFAEL LINTHAVONG, K. LAVINA HANLOTXOMPHOU, LAVINA        K HANLOTXOMPHOU",LOW,FORT MYERS,L17000261897
LOS TAQUITOS MEXICAN FOOD II LLC,239-410-6994,Aury25.ac@gmail.com,,",  ",,",  ","aurybel castillo, Aurybel Castillo",LOW,CAPE CORAL,L20000148995
LOCAL GARAGE DOOR REPAIR INC,310-717-1732,JESSICASEROTA@YAHOO.COM,,",  ",,",  ","DANNY ATAR, Danny Atar, JESSICA REILLY, MICHAEL       C UNGER, MARC SEROTA",LOW,NORTH BAY VILLAGE,P22000089098
PISTACHO'S BAKERY AND CAKE LLC,407-448-9183,leroingroup@gmail.com,,",  ",,",  ","ORIANA RAMOS, CARMEN        L ZORRILLA, RICARDO       D RAMOS, ORIANA        D RAMOS",LOW,DAVENPORT,L20000282614
LA TINAJA BAR AND GRILL LLC,978-645-1407,lifinancialgroup@yahoo.com,,",  ",,",  ","DENNY         A TINEO, ADOLFO POLANCO, ADOLFO POLANCO",LOW,SPRING HILL,L24000228282
MOREL'S BAR & GRILL CORP,407-308-1131,bjt@bjtlawpa.com,,",  ",,",  ","LUIZ FELIPE BORGES, BRUCE         JESQ. TOLAND, EDWARD        I MOREL, MARIA         C MOREL, MARIA         C MOREL",LOW,PALM BAY,P19000031424
"CHARLOTTE HARBOR YACHT CLUB, INC",941-629-5131,manager@charlotteharboryc.com,,",  ",,",  ",,LOW,PORT CHARLOTTE,726150
"TIKI TIMS, LLC",727-290-5274,tikitims2020@gmail.com,,",  ",,",  ","TIMOTHY ESKRIDGE, SHANI DUVALL, SHANI DUVALL, ALEXANDER RANGEL, ALEXANDER RANGEL",LOW,PINELLAS PARK,L24000054131
COSTENOS SEA FOOD CORP,305-934-5493,jay@marjacsolutions.com,,",  ",,",  ","ALEXANDER LEON ROCHA, ALEXANDER LEON ROCHA, JAY           E HIGHLEY, JAY           E HIGHLEY",LOW,KEY BISCAYNE,P20000073764
"MACKER SEAFOOD, LLC",386-290-1306,tristanmacker@gmail.com,,",  ",,",  ","LINDA         G WHITRIGHT, CHARLES       H WHITRIGHT, CHARLES       H WHITRIGHT, Jonathan      L Macker, TRISTAN       T MACKER",LOW,DAYTONA BEACH,L11000089999
GLOBAL CONQUEST HOLDINGS LLC,239-293-2009,Tamika@growyournon-profit.com,,",  ",,",  ","DARREL PETERS, Tamika Seaton, Tamika Seaton",LOW,BONITA SPRINGS,L22000430011
"DE LEON FOOD SERVICES, INC",305-362-6454,ONLINEFILINGS@LEGALZOOM.COM,,",  ",,",  ","ERIC          D STRAUSS, ADAM          J SCHWARTZ, ALEXANDRA     T STRAUSS, Eric STRAUSS, PELAGIA       T PENA",LOW,HIALEAH,P15000010927
ATOMIC LOUNGE AND BAR L.L.C.,786-315-6818,torerosbrazilian@gmail.com,,",  ",,",  ","RACHEL GARCES, ALEJANDRO MARQUEZ PAYNE, OMAR BLANCO, OMAR BLANCO",LOW,MIAMI,L21000163645
MANAGUITA RESTAURANT CORP,305-256-0663,toriprintusa@gmail.com,,",  ",,",  ","KAREN WILLIAMS, LINDA CARTER, TASHA SMITH, JANET REYNOLDS, LINDA CARTER",LOW,MIAMI,P21000008698
WILD OLIVES MARKET LLC,850-259-3541,WILDOLIVES@MCHSI.COM,,",  ",,",  ","GONZALO NAVARRO, GONZALO NAVARRO, CHRIS         M TROVAS, Ivy           M Smith",LOW,SANTA ROSA BEACH,L08000100719
"NEW YORK/ROMA PIZZA & PASTA, CORP.",786-443-4696,Tomaseuvind@gmail.com,,",  ",,",  ","TOMAS         A EUVIN, TOMAS         A EUVIN",LOW,MIAMI,P02000127371
AMERICAN GRACE LLC,561-414-0778,morganshae21@icloud.com,,",  ",,",  ","RIISE MORGAN, SAMUEL RIISE",LOW,TRENTON,L23000435766
PAL' BALCON JSJ BLESSED LLC,215-436-3442,SADIANY72@GMAIL.COM,,",  ",,",  ","JANELYS ESCOBAR RODRIGUEZ, SUJEY         S RODRIGUEZ GUZMAN",LOW,KISSIMMEE,L21000428694
OAK & STONE INC.,407-267-3513,bgrandison@bergersingerman.com,,",  ",,",  ","CARLOS        J BENCOMO, CARLOS        J BENCOMO, John          M Ryan",LOW,VANCOUVER,L07000116351
"OASIS ROTISSERIE CHICKEN, LLC",727-226-5117,VIOLETSANTANA1263@GMAIL.COM,,",  ",,",  ","Violeta De Jesus, Violeta De Jesus",LOW,TAMPA,L17000156801
"MANASOTA KEY REALTY, INC.",941-474-9536,davidlipstein@englewoodfl.com,,",  ",,",  ",,LOW,ENGLEWOOD,684357
ELITE PRIVATE DINING LLC,863-512-3538,Eliteprivatediningkt@gmail.com,,",  ",,",  ","Kevin         J Torres, KEVIN         J TORRES",LOW,WEST PALM BEACH,L22000445649
REEL CAJUN COOKIN LLC,321-698-7655,reelcajuncookin@yahoo.com,,",  ",,",  ","KAAN BECK, BRADLEY       T BENSON, KAAN BECK, Sean          D Rocque, SHEENA        N ROCQUE",LOW,COCOA,L20000078215
"AKI E RESTAURANT BAR, INC.",754-210-3181,Office@menefeeservices.com,,",  ",,",  ","ADRIA         M RODRIGUEZ, KATIE MENEFEE, DANIEL MENEFEE, KATIE MENEFEE",LOW,HOLLYWOOD,P21000056236
EL SAZON DE PUERTO RICO CORP,786-767-0230,Michigr27@gmail.com,,",  ",,",  ","KARINA        C MORALES, KARINA        C MORALES, RODRIGO       A SANCHEZ ACEVEDO, RODRIGO       A SANCHEZ ACEVEDO",LOW,MIAMI,P22000047710
NGUYEN TUAN HOANG,303-220-0183,,,",  ",,",  ",,LOW,CLERMONT,
"SABOR MARACUCHO, LLC",786-475-0547,ilbelismorales18@gmail.com,,",  ",,",  ","YULEIDIS FERNANDEZ NORIEGA, IBELIS MORALES FERNANDEZ, IBELIS MORALES FERNANDEZ",LOW,BRADENTON,L23000331022
"PHO VIET NOODLE HOUSE & RESTAURANT II, INC.",321-837-3737,LCGREEN561@GMAIL.COM,,",  ",,",  ","KATHY NGUYEN, TRACY NGUYEN, TRACY NGUYEN, LARRY         JR GREEN, LARRY         JR GREEN",LOW,PALM BAY,P18000099850
LA CAFETERA INC,786-260-4096,rmamin93@gmail.com,,",  ",,",  ","JOHN FERNANDEZ, JOHN FERNANDEZ, SARINA        M AMIN, RIKHIL        M AMIN",LOW,HIALEAH,P19000058682
"EL SAZON DE PUERTO RICO, INC.",786-767-0230,Michigr27@gmail.com,,",  ",,",  ","KARINA        C MORALES, KARINA        C MORALES, RODRIGO       A SANCHEZ ACEVEDO, RODRIGO       A SANCHEZ ACEVEDO",LOW,MIAMI,P22000047710
"PHO VIET NOODLE HOUSE & RESTAURANT, INC.",321-837-3737,MAUMOR@GMAIL.COM,,",  ",,",  ","Duc Pham, KATHY NGUYEN, TRACY         T NGUYEN, Tracy         T Nguyen, MAURICIO      G MORALES",LOW,PALM BAY,P15000072384
"PERDIGON EL SABOR, INC.",813-932-3949,INGRIS@FCPMIAMI.COM,,",  ",,",  ","ARIANA RODRIGUEZ DE PERDIGO, WILMER PERDIGON, WILMER PERDIGON, MIGUEL POYASTO, JOSE          L MACHADO",LOW,TAMPA,P04000042033
"HAVANA SPICE, INC.",786-205-9215,MAVERICKHI2017@YAHOO.COM,,",  ",,",  ","ERIKA         E GALINDO, JUAN DE DIOS SANCHEZ SOLIS, JUAN DE DIOS SANCHEZ SOLIS, LEROY MARSDEN, LAWRENCE      J GENTILE",LOW,HOMESTEAD,P17000014333
"SOUTHERN STYLE FARMSHACK BAR B QUE, LLC",352-581-9859,farmshackbbque@gmail.com,,",  ",,",  ","CARROLL       W STEPHENS, CARROLL       W STEPHENS, TERRI         L ROBERTSON, KAZZ          R ROBERTSON, KAZZ          R ROBERTSON",LOW,OCALA,L21000101127
"BLISS POIGNT, LLC",985-445-5602,Obscurewine@gmail.com,,",  ",,",  ","SERGEI OSIPOV, SERGEI OSIPOV, Stephen Vallette, Stephen Vallette",LOW,WINTER HAVEN,L22000091700
"JUGO BOSS, LLC",954-773-4300,Jugobossfl@gmail.com,,",  ",,",  ","MARIANA URIBE, DIEGO URIBE, MARIANA URIBE",LOW,LIGHTHOUSE POINT,L22000246969
DELICIAS LA PRIMA CORP,786-474-8106,DOCS@INCAUTHORITY.COM,,",  ",,",  ","KAREN         J PINEDA, KAREN         J PINEDA, GLADYS YATCO",LOW,MIAMI,P24000026102
TAQUERIA Y ANTOJITOS EL GUANACO LLC,954-351-0792,cristinaardon285@gmail.com,,",  ",,",  ","CAROL FERNANDEZ, AD JACKSON, AD JACKSON, CRISTINA ARDON, Cristina      G Ardon",LOW,OAKLAND PARK,L16000056424
FOUR POINT LLC,850-393-7905,rick5491@yahoo.com,,",  ",,",  ","KOMAL PATEL, DIVYESH       K ZAVERI, NILAY         J PATEL, RINKESH PATEL, RINKESH PATEL",LOW,TALLAHASSEE,L21000197866
LOS HOMIES  LLC,727-421-8884,loshomies82@gmail.com,,",  ",,",  ","EDITH CONDADO, JENNIFER WONG, CARLOS        A WONG MALIBRAN, CARLOS        A WONG MALIBRAN",LOW,PINELLAS PARK FL,L20000253985
STRAWLICIOUS LLC,407-235-0111,strawliciousllc@gmail.com,,",  ",,",  ","ANA           C CORONEL REYES, JESSICA       C CORONEL REYES, HUGO          A CORONEL REYES, HUGO          J CORONEL BARRENO, HUGO          J CORONEL BARRENO",LOW,ORLANDO,L23000556209
"EL RINCONSITO DEL SABOR, LLC",407-591-0290,ashleyangelique2010@hotmail.com,,",  ",,",  ","RAFAEL        D URBINA RIVERA, NORA EUCEDA QUIROZ, NORA EUCEDA QUIROZ",LOW,PLANT CITY,L19000300371
HONDURAS RESTAURANT LLC,813-781-5516,ashleyangelique2010@hotmail.com,,",  ",,",  ","RAFAEL        D URBINA RIVERA, NORA          V EUCEDA QUIROZ, NORA          V EUCEDA QUIROZ",LOW,TAMPA,L22000140607
PAIGE'S ROOT BEER INC,352-746-3351,TTAXSERVICES@YAHOO.COM,,",  ",,",  ","Isis          M Graham, MICHAEL       R PENDER JR, MICHAEL       R PENDER JR, Michael       J Maxwell, KEVIN         L PAIGE",LOW,LECANTO,P12000005172
"VARGO'S BUFFALO STYLE PIZZA, LLC",716-800-5225,VARGOSPIZZERIA@GMAIL.COM,,",  ",,",  ",ROBERT VARGO,LOW,STEINHATCHEE,L24000300176
WINDMILL POINT APARTMENTS LLC,407-236-7550,barrywatson@bellsouth.net,,",  ",,",  ","THOMAS LEVASSEUR, ROBERT MURPHEY, ROBERT MURPHEY, BARRY         L WATSON",LOW,ORLANDO,L06000052882
"DELICIAS DE LA ABUELA, INC",561-827-5041,jodystaples.kw@gmail.com,,",  ",,",  ","LUIS          E SAAVEDRA, ANA           M VALENCIA, ANA           M VALENCIA, DANIEL JENKS, JOHN STAPLES",LOW,WEST PALM BEACH,P06000055764
DOM PARTNERS LLC,352-572-6083,tkmcdonald4321@gmail.com,,",  ",,",  ","Kristin       M McDonald, THOMAS        M MCDONALD, THOMAS        M MCDONALD",LOW,OCALA,L13000118930
"BOB'S FAMOUS BBQ, INC",904-588-5391,hicks@200firstsreet.com,,",  ",,",  ","EDWARD        S JONES, DERRICK TURNER, Brian Baker, DERRICK TURNER",LOW,YULEE,P18000042866
BIG RANDY'S CORPORATION,850-694-1528,Dfordevon@gmail.com,,",  ",,",  ","JASON KORNEGAY, DEVON CHRISTENSON, DEVON CHRISTENSON",LOW,TALLAHASSEE,P23000027292
"EL HABANERO CAFE CUBANO,INC",305-414-3734,zq@nwpus.com,,",  ",,",  ","YOANDYS ACOSTA, MERCEDES GONZALEZ, MERCEDES GONZALEZ, ZAHERUL QUADER, ZAHERUL QUADER",LOW,KEY WEST,P19000094570
YAMBO EXPRESS INC,786-470-0046,REESE.GRANT@NMRK.COM,,",  ",,",  ","REESE GRANT, REESE GRANT, CHRISTINE SHEPARDSON, TISHA MCCOLLUM, ACACIA MCCOLLUM",LOW,MIAMI,P25000003647
TYPSY UNICORNS BREWING CO. LLC,386-444-3047,orders@newbusinessfiling.org,,",  ",,",  ","MICHELLE      B RIVERA, RAUL          JR RIVERA, RAUL          JR RIVERA",LOW,EDGEWATER,L21000337315
JOJOTO STEAK HOUSE LLC,321-695-2481,Jojoto.steakhouse@gmail.com,,",  ",,",  ",JUDITH        M RIVAS DE MORENO,LOW,KISSIMMEE,L22000186900
MR. CREAM NY LLC,917-355-8157,gogleth2020@gmail.com,,",  ",,",  ","MARIA         S ORTIZ, MARIA         S ORTIZ",LOW,MIAMI,L22000382902
ISLAND BOYZ BBQ LLC,863-255-1588,islandboyzbbq6@gmail.com,,",  ",,",  ","Tonya         E Teems, Tonya         D Teems",LOW,WESLEY CHAPEL,L23000288842
SUNSET PALM HOTEL LP,786-436-6362,ap@wbfinancialadvisors.com,,",  ",,",  ",,LOW,DAVENPORT,A19000000551
VARGOS BUFFALO STYLE PIZZA LLC,716-800-5225,,,",  ",,",  ",,LOW,STEINHATCHEE,
EL BODEGON IBERICO INC,305-562-5727,ROLLINGSTONEAUTOMOTIVES@YAHOO.COM,,",  ",,",  ","RONNIE        L HOGGINS, IRIS          L MINOR, IRIS          L MINOR, YOANDRY       M YZQUIERDO, YOANDRY       M YZQUIERDO",LOW,CAPE CORAL,P17000087879
SMOKIN 407 LLC,407-748-6077,Ryanstackpole@smokin407.com,,",  ",,",  ","ELEK          E KONDAKOR, ELEK          E KONDAKOR, KRISTYN STACKPOLE, RYAN          E STACKPOLE, Ryan Stackpole",LOW,SANFORD,L21000098817
YEAH HOT DOG LLC,689-322-7922,pago@gncconsultants.com,,",  ",,",  ","JUAN          C SILVA, NALYS         C IZARRA YABBOUR, NALYS         C IZARRA YABBOUR",LOW,ORLANDO,L21000354871
FERNANDEZ LEYVA CORP,786-319-6536,alyssaneufeld@gmail.com,,",  ",,",  ","YORDAN FUENTES FERNANDEZ, YAIMA LEYVA BATISTA, YAIMA LEYVA BATISTA, MATTHEW NEUFELD, ALYSSA NEUFELD",LOW,HOMESTEAD,P23000066413
TACOS PARADISE INC,239-257-8828,fastfilingservices@gmail.com,,",  ",,",  ","JORGE LUIS ANDRADE LANDIN, JORGE LUIS ANDRADE LANDIN, ANTONIO COELHO, NATHALIE COHEN",LOW,CAPE CORAL,P24000048467
"TROPICAL KITCHEN, BAR & GRILL LLC",305-494-8015,Tropicalkitchen24@yahoo.com,,",  ",,",  ","JEANAY        J WALKER, JEANAY        JMISS WALKER",LOW,LAUDABLE LAKES,L24000233968
A GEEZ GROUP LLC,239-984-3098,agallagher@cleaneatz.com,,",  ",,",  ","ADAM          M GALLAGHER, ADAM          M GALLAGHER",LOW,FORT MYERS,L23000105896
STROBES CENTER INC.,941-962-6690,pierrejacqueline@ymail.com,,",  ",,",  ","Armando Aguilar Aguinaga, GREGORY PIERRE, JACQUELINE PIERRE, JACQUELINE PIERRE",LOW,SARASOTA,P21000094240
YAADMAN KITCHEN JAMAICAN RESTAURANT LLC,561-255-4250,realyaadmankitchen@gmail.com,,",  ",,",  ","Garfield Kelly, BRANDON GORDON, BRANDON GORDON",LOW,BOYNTON BEACH,L20000182275
"EL CONUCO EXPRESS, LLC",850-264-0285,elconucoexpres@gmail.com,,",  ",,",  ","DANAY OTERO, DANAY OTERO, HORTON GISELLE, MOLINA STEVEN, STEVEN MOLINA",LOW,TALLAHASSEE,L25000022224
LOS QUESUDOS DE MEDALLO MIDTOWN LLC,786-999-2354,INFO@LNACCOUNTINGSVC.COM,,",  ",,",  ","YENNY         A CORREA ARISTIZABAL, JOAN          A VARGAS, YENNY         A CORREA  ARISTIZABAL",LOW,MIAMI,L20000376885
LOGA COMPANY LLC,689-287-4168,SINAITAXSERVICES@GMAIL.COM,,",  ",,",  ","SOPHIA        M HERNANDEZ, RYAN          F HERNANDEZ, PATRICIA      F HERNANDEZ, RICHARD       F HERNANDEZ, RICHARD       F HERNANDEZ",LOW,ORLANDO,L24000057128
WOODSBY'S CAFE LLC,407-932-2252,Woodsbyscafe22@gmail.com,,",  ",,",  ","ADAM HARTMANN, ADAM HARTMANN",LOW,KISSIMMEE,L22000191729
ZAMAR RESTAURANTS LLC,813-732-7132,Zamarrestaurants@gmail.com,,",  ",,",  ","Ebony LEFRANC, MACKENLEY ABRAHAM,, BAZIN TERNIVAL, OTNIEL        J LEFRANC, OTNIEL        J LEFRANC",LOW,TEMPLE TERRACE,L21000307065
"SHEN'S PEKING II RESTAURANT, INC.",561-482-1086,idillon@comcast.net,,",  ",,",  ","INGRID DILLON, Natallia      C Olender, Su-Mei SHEN, Su-Mei SHEN",LOW,BOCA RATON,P99000008531
SURLY SIREN SALOON LLC,702-918-4546,surlysirensaloon@gmail.com,,",  ",,",  ","CRISTINA VAN HOOVE, Cristina      L Van Hoove",LOW,KEY WEST,L23000198387
JD RICKETTS GROUP LLC,203-578-7795,,,",  ",,",  ",,LOW,MIAMI GARDENS,
JONAS' KITCHEN LLC,239-357-5700,heather.desanto7@gmail.com,,",  ",,",  ","JONAS         NSR ELLIOTT, JONAS         NSR ELLIOTT",LOW,FORT MYERS,L21000156510
LATIN BOWL RESTAURANT INC,813-446-8207,Hypecentral305@gmail.com,,",  ",,",  ","ANA           R FIGUEROA, fernando perez, FERNANDO PEREZ, ROBERT        C WETZEL III, ERICK MARTINEZ",LOW,LARGO,P18000069481
THE TWO BROTHERS FL LLC,786-859-5657,ferdinand@miamitg.com,,",  ",,",  ","MARCO ANTONIO DAGA AMAYA, FERDINAND TORO",LOW,HOLLYWOOD,L23000447658
PARRILLADA CASA AMIGOS LLC,561-404-3022,dorian.businessabs@gmail.com,,",  ",,",  ","SANDRA VARELA CASTILLO, SANDRA VARELA CASTILLO",LOW,PALM SPRINGS,L24000474864
ALPHA & COISE ENTERPRISE LLC,850-339-6632,alphacoise@gmail.com,,",  ",,",  ","FRANCOISE MURRAY, DEMETRIUS MURRAY, DEMETRIUS MURRAY",LOW,TALLAHASSEE,L24000378700
BIG G MANAGEMENT LLC,352-454-2686,flippedbybgm@gmail.com,,",  ",,",  ","YAISANETTE Ruiz, DAVID GONZALEZ, DAVID GONZALEZ",LOW,LECANTO,L17000134907
"EZ EATS , LLC",724-498-7777,Eliezeats@gmail.com,,",  ",,",  ","ELIJAH ELLIS, JAY HUIE",LOW,ORLANDO,L20000183054
YBC FOOD SERVICE LLC,954-934-5700,BMG10406412@GMAIL.COM,,",  ",,",  ","BORRIS        B HUTCHINSON, YOHAN         A BLAKE",LOW,OAKLAND PARK,L24000405437
THEE BURGER SPOT LLC,813-993-3926,Elcaminoislow@aol.com,,",  ",,",  ","Constance Hill, Constance Hill",LOW,TAMPA,L16000140678
SEAFOAM DREAMS VACATIONS LLC,850-320-2994,mezmriz1987@yahoo.com,,",  ",,",  ","JEREMY        B DRUMMOND, NATALIE       A DRUMMOND, NATALIE       A DRUMMOND",LOW,DESTIN,L22000126464
WEEKI WACHEE CANDY COMPANY,813-598-6786,AKHAVEINE@YAHOO.COM,,",  ",,",  ","Michele S. Eline, Juan Carlos Reyes, James Robert Jones, Amy Mierzejewski, Brittany Bethune",LOW,SPRING HILL,P18000010700
SHAWARMAS TO GO LLC,689-333-8959,MAGALYNFMS@GMAIL.COM,,",  ",,",  ","KELLY         E CONTRERAS, KELLY         E CONTRERAS, HECTOR ASAPCHE MUKEL, ANTONIO ASAPCHE, ANATHAIS BETANCOURT",LOW,ORLANDO,L20000050485
BRAPPIN CRABS LLC,407-267-7746,,,",  ",,",  ",,LOW,ORLANDO,
LUXE PERSONAL CHEF & CATERING LLC,850-321-2495,,,",  ",,",  ",,LOW,TALLAHASSEE,
OSECHA GROUP LLC,786-973-3908,apassotaxservices@gmail.com,,",  ",,",  ","GRECIA SALCEDO, WILDER OSECHA, ANGELA        M PASO",LOW,MIAMI,L24000363399
ISLAND CUISINE RESTAURANT,954-648-4020,,,",  ",,",  ",,LOW,WILTON MANORS,
ISLAND TIME MARINA LLC,321-274-7104,carolann@taylorlockard.com,,",  ",,",  ","GERARDO       M ROBLES, GERARDO       M ROBLES, GERARDO       M ROBLES, James         F Stadler, JAMES         F STADLER",LOW,COCOA BEACH,L14000024474
EL RINCONCITO LATINO RESTAURANT CAFETERIA INC,786-636-8092,state@businessfilingsdepot.com,,",  ",,",  ","JOSE          M MORENO, JOSE MORENO, ROCIO         G CARUSO, Rocio         G Caruso",LOW,MIAMI,P13000050442
"NENA'S WINGS & THINGS, LLC",407-217-4473,nenas.wings.things@outlook.com,,",  ",,",  ","NENA          M BEERY, NENA          M BEERY",LOW,UMATILLA,L24000264151
G'S WINGS N THINGS LLC,631-633-6635,geeswingsnthings@gmail.com,,",  ",,",  ","GERALD        M SEABURY, GERALD        M SEABURY",LOW,RIVERVIEW,L21000259225
"HOOKED ON JUPITER, LLC",561-203-2301,arthur@b-hooked.com,,",  ",,",  ",,LOW,JUPITER,L24000116498
"LEICESTERMORE CAPITAL, LLC",561-837-1972,jcm@leicestermorecapital.com,,",  ",,",  ","ERNESTO MEDEROS RODRIGUEZ, ERNESTO MEDEROS RODRIGUEZ",LOW,JUPITER,L20000077447
UPPERTEA LLC,305-409-6566,info@uppertea305.com,,",  ",,",  ","JANEE         E SHEFFIELD, JANEE SHEFFIELD",LOW,MIAMI,L20000344313
"MAJOR UNIVERSAL LODGING, LLC",407-312-6551,alpie999@yahoo.com,,",  ",,",  ","GUILLERMINA TORRES, GUMBERTO CARRIZALES, ALPA PATEL, CARLOS GOMEZ",LOW,ORLANDO,L05000103789
BAYOU BISTRO & TIKI BAR INC,727-612-0069,850CARRENTALS@GMAIL.COM,,",  ",,",  ","HEATHER HEALEY, BRIAN HEALEY, BRIAN HEALEY, DERRICK       B FOSTER, DERRICK       B FOSTER",LOW,TARPON SPRINGS,P19000076724
QUIUBO COLOMBIAN BISTRO LLC,407-802-0339,prontoeataly@gmail.com,,",  ",,",  ","LEIKA MELENDEZ-RIVERO, RADAMES OSORIO-RIVERA, RADAMES OSORIO-RIVERA, JANET FERNANDEZ DIAZ, YUDE ABRAHAM CEDANO",LOW,SAINT CLOUD,L24000070542
HOGGDADDYS BEACH BAR & GRILL LLC,727-240-1179,JHAWKS@HOGGDADDYS.COM,,",  ",,",  ",JEFFREY       L HAWKS,LOW,CLEARWATER,L24000155602
POPS SOUTHERN BUFFET LLC,352-484-5273,tostep67@gmail.com,,",  ",,",  ","TONY          D MACARAGES, TONY          D MACARAGES",LOW,FORT MC COY,L23000196207
BOWL OF FUN LANES LLC,863-773-6391,bowloffunlanes@gmail.com,,",  ",,",  ","STACY CREWS, RANDALL CREWS, STACY CREWS",LOW,WAUCHULA,L23000344568
PEARL OF THE ISLAND CARIBBEAN CUISINE LLC,954-225-4311,wiltonantoine1984@gmail.com,,",  ",,",  ","COISSY NATHALIE, WILTON ANTOINE, WILTON ANTOINE",LOW,MARGATE,L18000160144
"THEE BURGER SPOT, LLC",813-993-3926,Elcaminoislow@aol.com,,",  ",,",  ","Constance Hill, Constance Hill",LOW,TAMPA,L16000140678
"WARREN NAPLES, LLC",954-383-9466,jarred@damngoodhospitality.com,,",  ",,",  ","JEFFREY       J JOHN, BRIAN KOPELOWITZ, ESQ",LOW,NAPLES,L21000435911
MUSASHI LOUNGE LLC,407-326-8484,incorporation@medeirossouza.com,,",  ",,",  ",ROBERTA CABOCLO,LOW,ORLANDO,L19000200152
ELEVATOR NEEDZ LLC,772-900-7524,elevatorneedz@gmail.com,,",  ",,",  ","Rusty         LII Fry, SANDY La Vera Fry, SANDY LA VERA FRY",LOW,PORT SAINT LUCIE,L22000434933
"THE SALTY DONKEY, II, LLC",850-251-4951,chad@heckmanlawgroup.com,,",  ",,",  ","JON           W TURNER, CHAD          D HECKMAN",LOW,PANACEA,L24000150546
GALLI ENTERPRISE LLC,508-864-6064,gallienterprisellc@gmail.com,,",  ",,",  ","DEBBIE YOST, Christopher Galli, Julie Galli, CHRISTOPHER   M GALLI",LOW,LAKEWOOD RANCH,L19000052676
CICALA'S PIZZERIA & RESTAURANT LLC,813-562-6769,cicalaspizzeria@gmail.com,,",  ",,",  ","Victoria Hill Beers, Dylan Beers, BEERS DYLAN",LOW,LAKELAND,L23000383353
MOTORWORKS BREWING LLC,772-216-3818,owner@motorworksbrewing.com,,",  ",,",  ","GARY MILNER, GARY MILNER, Frank         J Tschida, Frank         J Tschida, james         J HUNTER",LOW,BRADENTON,L13000008006
BEACHCOMBER TRADING POST RESTAURANT LLC,941-460-8580,carol.hagemann@att.net,,",  ",,",  ","PETER HAGEMANN, CAROL         A HAGEMANN",LOW,ENGLEWOOD,L23000096626
"GAMORALES, LLC",305-332-9689,bigpapo_8@yahoo.com,,",  ",,",  ","OTTO          L GALINDO CONSTANZA, OTTO          L GALINDO CONSTANZA",LOW,MIAMI,L24000425003
"BANANA WIND BAR AND GRILL, LLC",352-424-2930,compliance@zenbusiness.com,,",  ",,",  ","Huson Gilberstadt, Kimberly Diaz, Kerry Watson, CAROLYN SCOTT, JESUS         D QUICENO",LOW,ZEPHYRHILLS,M24000004818
SOUL SICILIAN FUSION LLC,831-261-9588,natalyaca@yahoo.com,,",  ",,",  ","Sebastiano Mensa, NATALYA HARRISON, Harrison Natalya",LOW,CLEARWATER,L19000197676
SAN AGUSTIN BAKERY LLC,407-557-6045,normanrodriguez870@gmail.com,,",  ",,",  ","Samantha Alvarado, Chinais Acosta, Yolanda Robledo, NORMAN RODRIGUEZ, ENRIQUE PRIETO",LOW,DAVENPORT,L19000296692
PHATZ SPORTS BAR & GRILLE LLC,772-237-9719,SIGSALON@AOL.COM,,",  ",,",  ",,LOW,FORT PIERCE,
EL RINCONCITO SUPERLATINO III,786-301-3761,SCOTT.FALLICK@GMAIL.COM,,",  ",,",  ","ROBERT POLITO, SCOTT FALLICK, SCOTT FALLICK, GABRIEL       J TOLEDO, LETICIA       D TOLEDO",LOW,CUTLER BAY,P11000102731
TEMAK HOUSE FLORIDA,786-281-3656,ERIC@X-MGMT.COM,,",  ",,",  ","ERIC CHAMPION, ERIC CHAMPION, RICARDO CESAR P DE MENDONCA FILHO",LOW,DEERFIELD,P19000072188
LA OAXAQUENA TAQUERIA AND GROCERY STORE INC,239-860-0858,kriswelburn@hotmail.com,,",  ",,",  ","ANA MARIA SANTIAGO, NEREYDA MALI, NEREYDA MALI, KRISTINA WELBURN, KRISTINA WELBURN",LOW,NAPLES,P16000007650
K SHARS LLC,904-597-8947,Ksharsllc27@gmail.com,,",  ",,",  ","SHARLENE CALDWELL, KEENAN CALDWELL",LOW,JACKSONVILLE,L22000027985
EL 809 SUPERMARKET LLC,813-486-0038,809loungetampa@gmail.com,,",  ",,",  ","david         a lugo, earling woolley frias, AMADO CAMILO, AMADO CAMILO",LOW,TAMPA,L16000106740
IRIE DINER,786-683-8437,,,",  ",,",  ",,LOW,ORANGE PARK,
CHI KIN WINDERMERE LLC,407-702-0252,windermere@chi-kin.com,,",  ",,",  ","SYDNEY NGUYEN, SYDNEY NGUYEN",LOW,WINDERMERE,L24000384139
RP FOOD GROUP INCORPORATED,850-486-0136,FORMULA1JCJD@GMAIL.COM,,",  ",,",  ","RAY           J PENNINGTON, RAY           J PENNINGTON, DAVI          D LIMA, JOSHUA        N COWARD, CHRIS         Y CENTANARO",LOW,LAKE WALES,P24000064047
SKY COFFEE BUENOS AIRES,305-910-4745,ONLINEFILINGS@LEGALZOOM.COM,,",  ",,",  ","ROSANA IRMA BENTOS, ROSANA IRMA BENTOS, MICHAEL HOFFMANN",LOW,MIAMI,P22000035664
BUCKS COAL FIRED LLC,561-632-5191,BUCKSCOALFIRED@GMAIL.COM,,",  ",,",  ","CRISTIAN      G GAJARDO VALDIVIA, CRISTIAN      G GAJARDO VALDIVIA, FRANCIS       AIII CECERE, FRANCIS       AIII CECERE",LOW,NORTH PALM BEACH,L23000070816
LALAS BURGERS AND FRIES,305-613-9111,,,",  ",,",  ",,LOW,MIAMI,
218 NSB LLC,720-234-5694,FILINGS@API.LAW,,",  ",,",  ",,LOW,NEW SMYRNA BEACH,L24000510899
SABOR VENEZOLANO ORLANDO CORP,786-301-2851,GREG@GREGORYCREVECOEUR.COM,,",  ",,",  ","GREGORY CREVECOEUR, GREGORY CREVECOEUR, ERNESTO VALBUENA, DERVIN FERRER, YRENE         D BRUNO DE ESCARAY",LOW,ORLANDO,P21000049830
ATLAS DOCK SWFL LLC,239-350-8684,ATLASSDOCKSWFL@GMAIL.COM,,",  ",,",  ",,LOW,NAPLES,
GENERAL HORSEPLAY,305-849-0930,kevin@zuelchaccounting.com,,",  ",,",  ","LANNY PAULEY, LINGA REDDY, CHRISTOPHER SHULTZ, Kevin         C Zuelch",LOW,KEY WEST,L18000023249
KOI CAFE LLC,407-534-3960,Linda@koicafefla.com,,",  ",,",  ","LINDA NGUYEN, JOHNNY        D NGUYEN, JOHNNY        D NGUYEN",LOW,VENICE,L21000172843
NV EATS ENTERPRISE LLC,843-424-3661,info@actaxaccounting.com,,",  ",,",  ","NICHOLAS      J BISHOP, CECILIA       V FRANCO SNYDER NICHOL",LOW,FT MYERS,L24000091414
THE GETAWAY TAMPA BAY LLC,813-267-1602,scotttashkin@gmail.com,,",  ",,",  ",SCOTT         J TASHKIN,LOW,SAINT PETERSBURG,L12000154828
SOUNDSIDE FWB LLC,850-259-3541,soundsidefwb@gmail.com,,",  ",,",  ","VICTOR DESMARAIS MACHADO, VICTOR DESMARAIS MACHADO, BENJAMIN      J MERRELL, BENJAMIN      J MERRELL",LOW,FORT WALTON BEACH,L24000050569
PAPA BRAZI LLC,239-223-5192,papabrazifood@gmail.com,,",  ",,",  ","MARCELO       R ZOUAIN, CLARA         M ZOUAIN, MARCELO       R ZOUAIN",LOW,FORT MYERS,L24000158322
"THE BUTCHER AND THE BAR, LLC",561-374-2750,info@butcherandbar.com,,",  ",,",  ","MARIT HEDEEN, ERIC ANDERSON, DAVID         W SCHMIDT",LOW,BOYNTON BEACH,L18000179091
CHIA CHI LLC,561-597-3216,confirmation@ivy-cpa.com,,",  ",,",  ","CHIA YU LAI, CHIA YU LAI",LOW,MIRAMAR,L23000312673
VIBRAS HEALTHY SPOT INC,786-818-4673,mcarrigan31@yahoo.com,,",  ",,",  ","GABRIELA GONZALEZ, MICHAEL       ASR CARRIGAN, MICHAEL       AJR CARRIGAN",LOW,DORAL,P21000076644
RP PALM BEACH LLC,561-296-7699,jason@jasonhamilton.ink,,",  ",,",  ","INIGO         N ARDID, CHARLOTTE     R SEVILLA, DIEGO ARDID, Inigo Ardid, MARK          W CORNS",LOW,WEST PALM BEACH,M16000007837
TACO TUESDAYS TAQUERIA LLC,561-330-4912,ashley@ptsfla.com,,",  ",,",  ","MAURICIO BOUZAS, ROBYN BOUZAS",LOW,PALM BEACH GARDENS,L23000404057
NEW YORK BAKERY BOYS OVIEDO,347-738-3877,bbnyoviedo@gmail.com,,",  ",,",  ","Alexander Kritikos, NICHOLAS KRITIKOS, ALEX KRITIKOS",LOW,OVIEDO,L23000558976
PIZZA HEAVEN INC,863-763-9299,Pizzaheavenaka@gmail.com,,",  ",,",  ",,LOW,OKEECHOBEE,F81649
MOE GRILLING LLC,561-890-4141,MOESGRILL2024@GMAIL.COM,,",  ",,",  ","MOHAMMED KAHLA, MOHAMMED KAHLA",LOW,RIVIERA BEACH,L25000077387
DOWNTOWN CELLARS LLC,954-661-8582,,,",  ",,",  ",,LOW,FORT PIERCE,
ZJF BRANDS 2 LLC,727-754-4727,Karen@tfg.ventures,,",  ",,",  ","GUSTAVO ALI-SANTORO, Karen         M Roeder, Christina     P Feinstein, ZACHARY       J FEINSTEIN, ZACHARY       J FEINSTEIN",LOW,DUNEDIN,L15000031708
CANTINA MEXICAN GRILL & BAR,850-264-5525,yecid1317@gmail.com,,",  ",,",  ","ALEX          JR CUESTA, JONATHAN SCHULER, JONATHAN SCHULER, YECID CARDENAS, YECID CARDENAS",LOW,TAMPA,L15000055294
MARCS CUISINE,954-990-4360,,,",  ",,",  ",,LOW,OAKLAND PARK,
27WYNF&D LLC,786-979-3056,chefejecutivobenitojuarez@gmail.com,,",  ",,",  ","Karen Bohorquez, Karen Bohorquez",LOW,MIAMI,L21000407697
HISPANIC BUSINESS LLC,786-816-6246,apatino@creaticmiami.com,,",  ",,",  ","ANDRES PATINO GIRALDO, ANDRES PATINO GIRALDO",LOW,MIAMI,L22000491647
ENSENADA MIAMI LLC,646-436-9138,david@grandand.co,,",  ",,",  ","BRYCE KERVIN, DAVID SHAPIRO, DAVID SHAPIRO",LOW,MIAMI,L24000345473
WORLD FAMOUS NUNUS SWEET SOULFOOD 23 LLC,772-828-3144,leviedixon2345@gmail.com,,",  ",,",  ","PATRICIA MCNEAIR, LEVIE DIXON, PATRICIA      A MCNEAIR",LOW,FORT PIERCE,L22000163063
TWO SISTERS AND A DEVILED CRAB,904-536-5943,info@2sistersjax.com,,",  ",,",  ","Jo Neishia    L Johnson, KIARA         S SIMONS, JO NEISHIA    L JOHNSON",LOW,ORANGE PARK,L21000309670
CLANCYS CANTINA INC,386-314-6313,,,",  ",,",  ",,LOW,NEW SMYRNA BEACH,
EUPHORIA BAR AND GRILL LLC,305-494-5589,EUPHORIADAYTONABEACH@GMAIL.COM,,",  ",,",  ",,LOW,DAYTONA BEACH,
LA PETITE CUISINE MIAMI LLC,786-247-1381,Lapetitecuisinemiami@gmail.com,,",  ",,",  ","ABRAHAM       A COX, ABRAHAM       A COX, YANNICK SIMANTOB, ANTHONY SIMANTOB",LOW,MIAMI BEACH,L22000021582
KOREA TOWN FOOD LLC,954-579-4525,KOREATOWNFOOD@GMAIL.COM,,",  ",,",  ",,LOW,PLANTATION,
AL BARRIL FL LLC,407-624-6291,alexander.bustos@bandjprojects.com,,",  ",,",  ","Constanza Rodriguez, Leslie Gonzalez, LESLIE GONZALEZ",LOW,WINDERMERE,L24000475479
OVERRICE LLC,386-416-9030,,,",  ",,",  ",,LOW,ORLANDO,
LEMONI CAFE,305-571-5090,sandifurstein@yahoo.com,,",  ",,",  ","ASSIA DAHROUCH, MARIA         E PELATI, MARIA         E PELATI, ILANA MORROW, ILANA MORROW",LOW,MIAMI,P07000080543
BROTHER FOX SISTER HEN LLC,615-414-9626,John@CookedBooksTN.com,,",  ",,",  ",,LOW,PENSACOLA,L20000332547
305 GRILL LLC,305-479-9881,chefnorrie@gmail.com,,",  ",,",  ","KEITH NORRIE, KEITH NORRIE",LOW,PANAMA CITY BEACH,L22000355543
MERKADO 31 CORP,305-494-8308,KEYLIME@TAMPABAY.RR.COM,,",  ",,",  ","CARLOS        F PAREJA, EVELYN VERASTEGUI, MICHAEL       L MCCORD, JAMES         A BROWN, JAMES         A BROWN",LOW,NORTH MIAMI BEACH,P10000012832
TEQUIZTLAN MEXICAN RESTAURANT AND TEQUILA BAR LLC,305-397-8442,jortiz@tequiztlan.com,,",  ",,",  ","Stephanie Ortiz, Felipe Diniz, Marleny Ortiz, JOSE          M ORTIZ, Jose          M Ortiz",LOW,MIAMI BEACH,L11000139394
KIM-CHI GRILL LLC,305-215-5247,Reelfishin24@gmail.com,,",  ",,",  ","STANLEY CHINSKY, JAMES         Y BOYLE",LOW,BONITA SPRINGS,L21000455700
KUBA CABANA BAYSIDE LLC,201-452-9559,DGARRETSON@GARRETSONGRP.COM,,",  ",,",  ",,LOW,MIAMI,L21000177823
PIEHOLE WOOD FIRED PIZZA LLC,440-541-6844,mwholdings.florida@gmail.com,,",  ",,",  ",,LOW,PORT ST LUCIE,L23000419445
CRAFT LITTLE HAVANA LLC,786-564-5873,federico@bluemaxp.com,,",  ",,",  ","NICOLAS FANLO QUINTAR, NICOLAS BLECKWEDEL",LOW,MIAMI,L23000413655
MARIOS FAMILY RESTAURANT INC,305-224-3648,mwb_miami@yahoo.com,,",  ",,",  ","Mario         Sr. Hernandez, Mario         Sr. Hernandez, CARMENZA      O BLAUCH, MAURICE       W BLAUCH II",LOW,HOMESTEAD,P12000017797
BYTE AND COFFEE LLC,954-218-7559,catherine@bytencoffee.com,,",  ",,",  ","CATERINA      M BASILONE, CATERINA      M BASILONE",LOW,LIGHTHOUSE POINT,L21000477810
THE BRIDGES CAFE LLC,561-404-9255,gotdrinks@gmail.com,,",  ",,",  ","Kimberly      M Ingram, Nathaniel     P INGRAM, KAYLA         M MILLER, NATHANIEL INGRAM, ER-YONG FU",LOW,DELRAY BEACH,L18000011397
TASTY LEMON LLC,407-496-8052,luisprezfl@gmail.com,,",  ",,",  ","Nancy Rosario, LUIS          RSR PEREZ, LUIS          R PEREZ",LOW,KISSIMMEE,L16000111132
SUNNYSIDE CAFE INC,941-359-9500,SBRAZELL89@GMAIL.COM,,",  ",,",  ","ARDNAS DeFREITAS, ANDRE DEMACEDO SILVA, NADJA SANTOS, EDUARDO DEFREITAS, EDUARDO DEFREITAS",LOW,MELBOURNE BEACH,P13000043402
EL EMPANADAZO INC,561-503-1640,GOYO.PEREZ2012@GMAIL.COM,,",  ",,",  ","JESSICA CHACON, DANIEL CHACON, DANIEL CHACON, GREGORY       R PEREZ, GREGORY       R PEREZ",LOW,GREENACRES,P20000013440
LA ROMANITA RESTAURANT AND LOUNGE,305-305-5648,LENAPROCESSINGSERVICES@GMAIL.COM,,",  ",,",  ","JULIO         A AMORES, JULIO         A AMORES",LOW,MIRAMAR,L19000230484
FOOD RESTAURANT GROUP LLC,941-266-0300,justinrbay614@gmail.com,,",  ",,",  ","BAY           R JUSTIN, Justin        R Bay",LOW,SARASOTA,L23000193889
CASA MASA TOGO LLC,516-308-8572,robsclosing@gmail.com,,",  ",,",  ","ROBERT DISILVIO, KIMBERLY DARGIE",LOW,SARASOTA,L24000254422
GYROS2GO LLC,862-222-5478,info@gyros2go.com,,",  ",,",  ","WALTER        M BRAVO, WALTER        M BRAVO, ANDREAS VISILIAS, Andreas Visilias",LOW,SAN CARLOS PARK,L18000101187
ENTERTAINMENT WORLDWIDE LLC,407-732-4316,rkennerney@gmail.com,,",  ",,",  ","Robert Kennerney, ROBERT KENNERNEY",LOW,SANFORD,L22000201071
BAGEL BOYZ INC.,561-346-7985,obrien22051@aol.com,,",  ",,",  ","Seamus        M O'Brien, SEAMUS O'BRIEN",LOW,PALM BEACH GARDENS,P03000086988
JAYS STEAKHOUSE FTL LLC,305-789-2766,JAY@YESFBM.COM,,",  ",,",  ","DANA          L AHRON, BARRY AHRON, JAY           N SHIRODKAR",LOW,BOCA RATON,L25000031671
ASANI RESTAURANT GROUP 2 LLC,727-289-4198,buttermilkeat2@gmail.com,,",  ",,",  ","NUFRI ASANI, NUFRI ASANI",LOW,PINELLAS PARK,L23000532273
THE LICKING EXPRESS FOOD COURT,786-409-0625,,,",  ",,",  ",,LOW,OPA LOCKA,
KEKOON RESTAURANT & LOUNGE LLC,954-456-3283,hans.mullings@gmail.com,,",  ",,",  ",HANS MULLINGS,LOW,DAVIE,L23000532895
EL PRIMO RED TACOS LLC,786-417-9083,FLAGLER@ELPRIMOREDTACOS.COM,,",  ",,",  ",FRANK NERI,LOW,MIAMI,L20000298022
"LEONAS CUCINA, LLC",619-947-1409,,,",  ",,",  ",,LOW,JACKSONVILLE,
THREEFOLD CAFE LLC,917-371-4454,,,",  ",,",  ",,LOW,CORAL GABLES,
MARCA MIDTOWN LLC,305-528-0943,marceloferreiros@gmail.com,,",  ",,",  ","JUAN          C LEUZZI, ALBERTO       M FERREIROS",LOW,MIAMI,L23000124277
VINCENZO CUCINA LLC,908-625-2918,,,",  ",,",  ",,LOW,PONTE VEDRA BEACH,
RIVALES TAQUERIA & CRAFT BAR LLC,561-309-2208,avald84@yahoo.com,,",  ",,",  ","JORGE         MD BUENDIA, JIMMY RIVAS, Alberto Valdivia",LOW,WEST PALM BEACH,L14000058592
DONA JUANA GUATEMALAN RESTAURANT INC,239-600-5263,EDDY8709@GMAIL.COM,,",  ",,",  ","MARGARET      D RANDOLPH, Robert Hogan, Amber         L Randolph, Timothy       VII Randolph, CHARLES       W CRAMER",LOW,LEHIGH ACRES,P18000001870
MILAGRO RESTAURANT AND BAR LLC,305-393-0717,magdalena.montoya@milagrorestaurant.net,,",  ",,",  ","MAGDALENA MONTOYA, KEVIN MONTOYA, MAGDALENA MONTOYA",LOW,SUGARLOAF,L17000243514
SENOR LECHON Y MAS,407-948-0822,rvedd4@aol.com,,",  ",,",  ","EDWIN RIVERA, EDWIN RIVERA",LOW,WEST PALM BEACH,L23000454155
MOSHI MOSHI PALM GROVE LLC,786-352-6997,toshi@moshimoshi.fun,,",  ",,",  ","MARTINEZ JUAN, MANUEL LUCIANO, BELARMINIO MARTINEZ, TONY PORNPRINYA",LOW,MIAMI,L07000077752
LA PISTOLA LLC,850-329-6591,LINKTALLAHASSEE@GMAIL.COM,,",  ",,",  ",,LOW,TALLAHASSEE,
QUORE GELATO LLC,786-556-0849,kwon.lee@quoregelato.com,,",  ",,",  ","Jose Ann      D Watson, Kelvin        DSr. Ellis, BYRON         D STEVENSON, BYRON         D STEVENSON, Kwon          J Lee",LOW,MIAMI,L19000070578
THE BUTT HUTT SMOKEHOUSE,904-482-7512,selmahidic@aol.com,,",  ",,",  ","MARIO GARCIA, ROSELI ADAMS, ROSELI ADAMS, G. SCOTT HAISLET, JACOB BANDER",LOW,JACKSONVILLE,L15000000009
HAVANA NIGHT BAR AND GRILL,407-627-5699,faribabyhardt64@yahoo.com,,",  ",,",  ","LARITZA PENA PINA, JOSE CARLOS PEREZ PEREZ, JOSE CARLOS PEREZ PEREZ",LOW,PANAMA CITY,L23000435249
VBP 215 LLC,720-234-5694,RENEWALS@API.LAW,,",  ",,",  ",,LOW,NEW SMYRNA BEACH,L25000308238
THE CRAFTED DESSERT CO,352-606-9223,,,",  ",,",  ",,LOW,SPRING HILL,
MAZAL ORLANDO ENTERPRISE LLC,786-920-1976,Mazalorlando@gmail.com,,",  ",,",  ","MAYTE         A` RUIZ, MAYTE         A RUIZ",LOW,ORLANDO,L24000350065
KASE CUISINE LLC,458-219-1715,KASELLC1519@GMAIL.COM,,",  ",,",  ","SADE QUINTALL, CHRISTIAN STERLIN, CHRISTIAN STERLIN",LOW,FORT LAUDERDALE,L24000473545
PATRIZIA NYC LLC,646-853-1227,info@patriziasfortlauderdale.com,,",  ",,",  ","Emerson       A Insfran Mieres, EMERSON INSFRAN",LOW,FORT LAUDERDALE,L20000374860
DAILY NEWS RESTAURANT LLC,727-204-3324,samira230472@gmail.com,,",  ",,",  ","SAMIRA KARIC, SAMIRA KARIC",LOW,CLEARWATER,L22000326454
CORVO BIANCO LLC,914-733-2475,dena@corvobianco.pizza,,",  ",,",  ","JOSHUA LEIGH, DENA LEIGH, Dena          V Leigh",LOW,DUNEDIN,L19000157312
HOWLEYS RESTAURANT INC,561-310-5713,accounting@subculturegroup.com,,",  ",,",  ","RODNEY        B MAYO, MARIANNE      E MATTARY, ANN MARIE WILSON, ANTHONY       H MATTARY, GREGORY       W WILSON",LOW,WEST PALM BEACH,P04000093889
"REMY'S CAFE, LLC",727-400-4043,contactus@remyscafe.com,,",  ",,",  ","OMAR CALDERON-LARA, OMAR CALDERON-LARA",LOW,CLEARWATER,L20000133101
SOKAI SUSHI BAR DOWNTOWN LLC,786-660-6554,oriana@sokaisushi.com,,",  ",,",  ","JESUS         A MENESES, JESUS         A LEON, JESUS LEON",LOW,MIAMI,L22000483877
MORNING GLORY EATERY LLC,321-480-6757,pappagallos@cfl.rr.com,,",  ",,",  ","DAVID         C RICH, DAVID         C RICH",LOW,SATELLITE BEACH,L19000187894
"MICKEY BURKES, LLC",954-830-3545,brian@mickeyburkes.com,,",  ",,",  ","MICHAEL PALMA, BRIAN GERAGHTY, BRIAN GERAGHTY",LOW,MIAMI BEACH,L21000232382
SHAHS OF KABOB LLC,786-376-2711,acct@shahsofkabob.org,,",  ",,",  ","AMIN EBRAHIMI, AMIN EBRAHIMI",LOW,SOUTH MIAMI,L17000183763
NSB GRILLE,386-576-6646,nsbgrille@gmail.com,,",  ",,",  ","JAMES RUSHING, TRAVOUS DEVER, KENNETH       ESQ BOHANNON",LOW,NEW SMYRNA BEACH,L24000397550
FONDA LA CHISMOSA LLC,786-953-0621,info@lnaccountingsvc.com,,",  ",,",  ","DEANA         M USON, DEANA         W USON, JUAN          C DOMINGUEZ, JUAN          C DOMINGUEZ",LOW,MIAMI,L16000076932
ROOKIES CANTINA LLC,321-439-7671,jesush@rookiescantina.com,,",  ",,",  ","JESUS         H HERNANDEZ LUNA, JESUS         H HERNANDEZ LUNA",LOW,LONGWOOD,L15000117806
"LIL GREENHOUSE GRILL, LLC",786-506-5796,lilgreenhousegrill@gmail.com,,",  ",,",  ","Nakeeta GATES, KARIM         SR BRYANT, KARIM BRYANT",LOW,MIAMI,L14000188424
FAST AND BEAUTIFUL LLC,786-337-0865,VIRTUS@FASTERINDIO.COM,,",  ",,",  ","IBEETY FUENTES VARONA, REYNALDO RIVERO",LOW,FORT LAUDERDALE,L24000354131
SIMMONS SOUL FOOD & BBQ LLC,813-507-5401,simmonssoulfoodbbq@gmail.com,,",  ",,",  ","PHYLLIS       B SIMMONS, LONNIE SIMMONS, LONNIE SIMMONS",LOW,SPRING HILL,L22000131963
ANTOJITOS LA PATRONA LLC,352-626-2258,antojitoslapatrona@yahoo.com,,",  ",,",  ","ROSA          I PELAYO SOLTERO, ROSA          I PELAYO SOLTERO",LOW,PENSACOLA,L24000487600
ARTISTAS RESTAURANT INC.,786-385-9860,ARIMIRSERVICES@GMAIL.COM,,",  ",,",  ",,LOW,HIALEATH GARDENS,K29275
"ADVENTIST HEALTH SYSTEM/SUNBELT, INC.",407-646-7700,corp.legal@adventhealth.com,ADAMS SYLVIA R,"902 INSPIRATION AVENUE, ALTAMONTE SPRINGS 32714",1973-05-02,"900 HOPE WAY, ALTAMONTE SPRINGS 32714",Pres: Banks David; PADD: SCOTT LYNN 900; ner: Thomas L 1670 Nor; : Dima 14055 Riverd; : Toni Adventist Health; : Michael Adventist Health Sys,LOW,WINTER PARK,726307
ZIPPOPS GOURMET PALETAS LLC,787-370-9056,zippopspaletas@gmail.com,,",  ",,",  ","PAOLA DE JESUS, ANGEL NEGRON, ANGEL         J NEGRON",LOW,KISSIMMEE,L22000273490
"POINTE GRAND DAYTONA, LLC",386-280-7102,dhaynes@hillpointe.com,,",  ",,",  ",Seth Coleman,LOW,WINTER PARK,L20000294264
EZ EATS LLC,724-498-7777,Eliezeats@gmail.com,,",  ",,",  ","ELIJAH ELLIS, JAY HUIE",LOW,KISSIMMEE,L20000183054
LATIN CORAL WAY LLC,305-860-5707,consultantfr305@gmail.com,,",  ",,",  ","LETICIA ABREU ROJAS, LETICIA ABREU ROJAS",LOW,MIAMI,L22000127283
"OAK STONE, LLC",407-267-3513,bgrandison@bergersingerman.com,,",  ",,",  ","CARLOS        J BENCOMO, CARLOS        J BENCOMO, John          M Ryan",LOW,TAMPA,L07000116351
NEWMAN DAVID,303-220-0183,,,",  ",,",  ",,LOW,BOCA RATON,
PGA EATERY LLC,954-553-1877,mreiss@rjdcorps.com,,",  ",,",  ","RALPH DISALVO, RALPH DISALVO",LOW,PALM BEACH GARDENS,L23000448919
NEGRONI BRICKELL LLC,786-351-8997,dvalvarez.associatesmobile@gmail.com,,",  ",,",  ",PABLO SARTORI,LOW,DORAL,L21000113230
A&M HEALTHY KITCHEN TO GO LLC,954-695-1816,,,",  ",,",  ",,LOW,PARK,
TG CATCH LLC,813-782-7770,DAVIDRINGRAM@GMAIL.COM,,",  ",,",  ","AVERY         C INGRAM, BRANDON       M DUBATOWKA, DAVID         R INGRAM",LOW,ZEPHYRHILLS,L25000174075
GLEM ENTERPRISES LLC,214-402-4844,RLSOS@PARASEC.COM,,",  ",,",  ","GEORGE MARGIOUKLA, ANA PAULA SILVEIRA SCHOENARDIE, ANA PAULA SILVEIRA SCHOENARDIE",LOW,BRADENTON,L25000030793
CANOPY ROAD CAFE 4 LLC,407-967-1149,draneymd@aol.com,,",  ",,",  ","ALCIDES       M BONILLA, ALCIDES       M BONILLA, BRAD          M BUCKENHEIMER, DAVID         R RANEY",LOW,TAMPA,L18000044729
CON HAMBRE RESTAURANT &  BAR INC,954-709-5847,compliance@zenbusiness.com,,",  ",,",  ","MADELENNE PAULINO GENAO, MIGUEL        A DIAZ PANTALEON, MIGUEL        A DIAZ PANTALEON, Roman Sydorenko",LOW,HOLLYWOOD,P23000044716
EL RANCHO DE SARASOTA INC,941-400-7110,MIKEHRA@ICLOUD.COM,,",  ",,",  ","Thomas Goodrich, Thomas Goodrich, VICTOR        A GANAJA, VICTOR        A GANAJA, ALYSIA CENTERS",LOW,SARASOTA,P24000007685
MR PEPITO INC,813-419-9381,DRUABBOTT@GMAIL.COM,,",  ",,",  ","ANDREW ABBOTT, ANDREW ABBOTT, DANIEL DO REGO BAYARRES, DANIEL DO REGO BAYARRES",LOW,TAMPA,P16000043229
PEACHY PIES FRESH MARKET & CAFE CO,352-737-0570,,,",  ",,",  ",,LOW,BROOKSVILLE,
VILLA D ROSE CORP,786-216-8001,Imperialproductsllc@gmail.com,,",  ",,",  ","OSMEY DIAZ FERNANDEZ, OSMANY DIAZ VALDES, OSMANY DIAZ VALDES, IRENE ZERVOS, DEMETRI ZERVOS",LOW,WEST MIAMI,P23000041368
TASTY G SPOT LLC,305-389-4059,incorporations@taxleaf.com,,",  ",,",  ","MARCELINE     M JEAN-JACQUES, IESHA         B GUERRIER, DIEUPRESERVE JEAN-JACQUES, MARCELINE     M JEAN-JACQUES",LOW,HALLANDALE BEACH,L22000194813
LA ROTONDA SUPERMAKET,813-925-9132,deleonjunior@aol.com,,",  ",,",  ","JUNIOR DE LEON, JUNIOR DE LEON",LOW,LIVE OAK,L20000306080
YARDBIRDS OF NW FLORIDA,850-226-4626,,,",  ",,",  ",,LOW,FT WALTON BEACH,
OFF THA BONE BBQ LLC,561-480-6137,offthabone561@gmail.com,,",  ",,",  ","MARIA         E VALLE, MARIA         E VALLE, Kimberly Spann, DANIEL        OSR SPANN, Daniel        OSr. Spann",LOW,"WEST PALM BEACH,",L17000072118
ISLAND GRILL 184,786-740-0749,EASTERN@REGISTEREDAGENTSINC.COM,,",  ",,",  ","BRANDON MCKENZIE, BRANDON MCKENZIE, KIARA PEREZ",LOW,PALMETTO BAY,P22000057124
I LOVE ORLANDO CAFE LLC,321-358-7930,ILOVEORLANDOCAFE@GMAIL.COM,,",  ",,",  ","JOSEPH        A AINTABI, Carlos Croes, JOSEPH        A AINTABI",LOW,ORLANDO,L23000370506
CINNAMON TREE CAFE,386-341-2205,kodybologna@gmail.com,,",  ",,",  ","KODY KLING, KODY KLING",LOW,PORT ORANGE,L11000136685
BOUNXOU THAI LLC,727-743-5593,Directtaxservice@bellsouth.net,,",  ",,",  ","Komsun Tantarawongsa, BOUNXOU PHENGVONGSA, BOUNXOU PHENGVONGSA",LOW,JACKSONVILLE,L17000249071
TACOS AL CARBON ROYAL PALM BEACH INC,561-718-0169,knotturno@harpdevelopment.com,,",  ",,",  ","VICTOR        H GONZALEZ, VICTOR        H GONZALEZ, Avi HARPAZ, Amir Harpaz",LOW,"WEST PALM BEACH,",P20000055949
CHURRASCARIA RIO GRANDE LLC,305-439-2196,riograndehialeah@gmail.com,,",  ",,",  ","ROBERT PACHECO, JOSE          A CRUZ",LOW,HIALEAH,L22000170310
DONDE WILKING LATIN FOOD INC,929-544-6265,Soaringeagleslogistics@gmail.com,,",  ",,",  ","MARTIN VARGAS, RYAN RAMSAHAI, RYAN RAMSAHAI, BRANDON GREEN, BRANDON GREEN",LOW,DUNDEE,P22000007046
NOWHERE GRILLE LLC,904-891-3347,monica@plantationbookkeeping.com,,",  ",,",  ","TAMMY INGLE, MONICA        K FOLSOM",LOW,PERRY,L19000240762
KOOK'N WITH KIM LLC,407-683-0815,Kooknwithkim@gmail.com,,",  ",,",  ","SHARISSE WALTON, MICHAEL WALTON, MICHAEL WALTON, MARCELL       PJr. COKE, MARCELL       P COKE",LOW,ORLANDO,L20000021874
MI CARRETA RESTAURANT  AND BAKERY INC,813-333-4156,,,",  ",,",  ",,LOW,ST PETERSBURG,
"BAR B QUE RIBS, CHICKEN & JERK SHACK LLC",786-278-1167,carldecruise@gmail.com,,",  ",,",  ","STEVE         S KARRO, RACHELA       S MATALON, RACHELA       M MATALON, Natasha DeCruise, Caryle DeCruise",LOW,MIAMI SHORES,L12000030672
THAI TO THE MOON,850-848-7262,,,",  ",,",  ",,LOW,ORANGE PARK,
ANTOJITOS NAVIDENOS LLC,863-738-8666,RDACCOUNTING@RDASM.COM,,",  ",,",  ","BOB BLAND, ROGER WOOD, ROGER WOOD, LUIS BARRIOS, LUIS BARRIOS",LOW,LAKELAND,L18000005604
FARM VIBES INC,954-583-2441,FULFILLMENT@ZENBUSINESS.COM,,",  ",,",  ","marsha mullings, SHELDON MULLINGS, SHELDON MULLINGS, KEVIN         M HERZOG, KEVIN         M HERZOG",LOW,BOYNTON BEACH,P22000074622
YARDBIRDS OF NW FLORIDA LLC,850-226-4626,,,",  ",,",  ",,LOW,FT WALTON BEACH,
LA VIE BELLE LLC,786-790-7546,Laviebellemiami@gmail.com,,",  ",,",  ","ANDREA DESTINO, FABIANA GUERRIERI, FABIANA GUERRIERI",LOW,MIAMI BEACH,L23000475215
"LA LEONESA FRITANGA 2, I",786-227-1137,ianthomasforbes@gmail.com,,",  ",,",  ","MARIA         A CASTILLO, MARIA         A CASTILLO, Ian           T Forbes",LOW,MIAMI,P16000099966
LA ESTACION COLOMBIANA INC,321-442-3796,mizq.ch@gmail.com,,",  ",,",  ","Miguel        A Izquierdo Chirinos, Miguel        A Izquierdo Chirinos, BRIAN         L LAVEY, DANIELLE LAVEY, DANIELLE LAVEY",LOW,KISSIMMEE,P08000076396
PABELLON FOOD TRAILER INC,407-591-0290,dwilling@verizon.net,,",  ",,",  ","MARICRUS BRICENO, JESUS         D FUMERO, JESUS         D FUMERO, IVY WILLING, DANIEL        P WILLING",LOW,TAMPA,P17000076337
KINGS POINT ICE CREAM & BURGER,321-695-3194,,,",  ",,",  ",,LOW,ORLANDO,
PIZZA PAZZA INC,386-492-7831,SMBAHOLDINGS@GMAIL.COM,,",  ",,",  ","ENRICO MAGNAGHI, ANDREA        S PEREZ, ENRICO MAGNAGHI, LAURA O'DWYER, EMMETT O'DWYER",LOW,MIAMI,P13000041521
KING EXPRESS INC,407-854-7899,Vitha2406@gmail.com,,",  ",,",  ","Nhon Ly, THA LY, THA LY",LOW,ORLANDO,P00000101704
SUAREZ BBQ INC,305-318-7871,kiryn@houchinconstruction.com,,",  ",,",  ","LIUBA         VPT CAMEJO, CARLOS        MPD SUAREZ, CARLOS        M SUAREZ, THOMAS        R HOUCHIN",LOW,HIALEAH,P13000066048
INDIAN SPICE LLC,305-367-1943,PERSISTALLY2019@GMAIL.COM,,",  ",,",  ","KUMARESAN PERIASWAMY, KUMARESAN PERIASWAMY",LOW,PANAMA CITY,L21000150583
A LO CUBANISIMO FOOD TRUCK LLC,813-599-7745,orestesrp1993@yahoo.com,,",  ",,",  ","ORESTES       J ROJAS PLASENCIA, ORESTES       J ROJAS PLASENCIA",LOW,TAMPA,L23000486750
BILLY JOE'S CONCH QUEEN,305-896-4377,,,",  ",,",  ",,LOW,PEMBROKE PARK,
TACOS 19 LLC,786-326-4413,asielfer89@gmail.com,,",  ",,",  ","LEARIS CHAVEZ, ASIEL FERNANDEZ, Asiel Fernandez",LOW,MIAMI,L20000390808
"ASIAN FIN, INC",561-716-6057,tokyonsx@comcast.net,,",  ",,",  ","Wai Kwan      S YUEN, WAI KWAN YUEN, SANGHEE KIM, SANGHEE KIM, WALTER        G ELSEY",LOW,RIVIERA BEACH,P07000093812
MEGS FLORIDA INC,904-619-0383,,,",  ",,",  ",,LOW,JACKSONVILLE,
LA VACA LOCA CHURRASCARIA LLC,305-354-6919,SKYPERMITSERVICES@GMAIL.COM,,",  ",,",  ",,LOW,HOMESTEAD,
MEXAS TACOS LLC,407-484-6374,business@expertaxfinancial.com,,",  ",,",  ","PAULO COTERA, PAULO COTERA",LOW,ORLANDO,L17000106304
BURGER TRAP CORP,305-331-8762,Karinafernandini@outlook.com,,",  ",,",  ","CESAR LEDEZMA, MARIANA VERENZUELA, MARIANA VERENZUELA, LOURDES       K FERNANDINI, LOURDES       K Fernandini",LOW,HOMESTEAD,P22000085785
CARNE EN VARA EXPRESS FOOD TRUCK CORP,305-457-4288,rpsmith.sbm@aol.com,,",  ",,",  ","ANGELY        R URDANETA, Angely Urdaneta, RICHARD       P SMITH, RICHARD       P SMITH",LOW,MEDLEY,P20000081892
LA CUBANA MEXICANA LLC,772-240-8405,LACUBANAMEXICANA@GMAIL.COM,,",  ",,",  ","STERLYNN      D PULIDO, STERLYNN      D PULIDO",LOW,LIGHTHOUSE POINT,L25000439947
INVERSIONES JC LATIN LLC,727-296-7080,JURBETHMARTINEZ@GMAIL.COM,,",  ",,",  ","BRANKO LUKIC, BRANKO LUKIC, CARLOS        A MESA, CARLOS        A MESA",LOW,BRANDON,L25000025906
FEM FOOD GROUP LLC,813-324-0711,fuatsenwpb@gmail.com,,",  ",,",  ","FUAT SEN, FUAT SEN",LOW,WINTER HAVEN,L24000161742
CINNAMON TREE CAFE LLC,386-341-2205,kodybologna@gmail.com,,",  ",,",  ","KODY KLING, KODY KLING",LOW,PORT ORANGE,L11000136685
ENAS SECRET BAKE CORP,813-452-7662,TASUKI_86@YAHOO.COM,,",  ",,",  ","YANDRY ROQUE PANDO, YANDRY ROQUE PANDO, KAROLINA ALENKINA, KAROLINA ALENKINA",LOW,HIALEAH,P21000098224
FUJI SUSHI INCORPORATED,407-474-2454,FIRSTRESPONDERRX@GMAIL.COM,,",  ",,",  ","SHAMIMARA BEGUM, SHARIFA AKTER, SHARIFA AKTER, DEANNA        P BICHLER, GEOFFREY BICHLER",LOW,ALAFAYA,P19000060916
RIKO  POLLO LLC,786-212-0554,infoabctaxusa@gmail.com,,",  ",,",  ","LIZ BADELL, LUIS MENDOZA, MENDOZA LUIS",LOW,HAINES CITY,L21000279110
BISTROLOGY LLC,850-571-2977,bistrology98@gmail.com,,",  ",,",  ","JAMES O'SULLIVAN, HENRY GUERRERO, JONATAN GALLEN, STEPHANIE TORRES",LOW,MIRAMAR BEACH,L23000027729
TERRA MAR BRAZILIAN STEAKHOUSE INC,727-525-1100,ZGLASSER@BJA-LAW.COM,,",  ",,",  ","Marlete Grichoswski, NANCY         P WORON, DANIEL        A WORON, DANIEL        A WORON",LOW,PINELLAS PARK,P07000117692
DAIQUIRI DECK RAW BAR BR,941-346-1664,,,",  ",,",  ",,LOW,BRADENTON BEACH,
CALI BURGER LLC,727-289-7133,EMES@TAMPABAY.RR.COM,,",  ",,",  ","Tanner Maasdorp, Jennifer Maasdorp, Lance Maasdorp, LANCE MAASDORP, YOSLEY AGUILA",LOW,TAMPA,L19000024128
"MOORE, ELLISON & MCDUFFIE, C.P.A.'S, P.A.",850-877-3149,keith@memcpas.com,,",  ",,",  ",,LOW,TALLAHASSEE,V13242
LAN XANG LAO THAI VIETNAMESE DIM SUM,239-398-2962,lavinahanlotxomphou@gmail.com,,",  ",,",  ","RAFAEL LINTHAVONG, K. LAVINA HANLOTXOMPHOU, LAVINA        K HANLOTXOMPHOU",LOW,CAPE CORAL,L17000261897
"305 CONCEPTS BAYSIDE, LLC",305-505-6474,ap@coyotaco.com,,",  ",,",  ",,LOW,MIAMI,L24000397790
"FIDDLER'S CREEK FOUNDATION, INC.",239-732-9400,STATE@FLORIDABUSINESSFILINGS.COM,WOODWARD MARK,"3200 TAMIAMI TRAIL N STE 200, NAPLES 34103",1996-10-24,"8156 FIDDLER'S CREEK PKWY, NAPLES 34114",Dire: WOODWARD MARK J; PPAR: SI JOSEPH L 8156; caro: Joseph J 8156 FID; : ROBERT 8156 FIDDLER,LOW,NAPLES,N96000005455
EAT MY WAY MIAMI LLC,786-302-0868,eatmywaymiami@gmail.com,,",  ",,",  ","DE AIRES KING, DILAIGLON JULIEN, DILAIGLON JULIEN",LOW,NORTH MIAMI,L19000218763
TYLER FAMILY RESTAURANT LLC,786-539-9552,mog87.jl@gmail.com,,",  ",,",  ","Josue LOUIZA, PIERLINE BAPTISTE, PIERLINE BAPTISTE",LOW,NORTH MIAMI,L13000148804
BAYONET DONUTS LLC,407-408-6130,KHERNANDEZ@WIGGIN.COM,,",  ",,",  ","JESSER        J MIRANDA, JESSER        J MIRANDA, SETH          EESQ. ELLIS",LOW,NAPLES,L25000017584
708 NW 4TH AVE LLC,786-360-9206,gov@propertymgmt.co,,",  ",,",  ","JASON FERRARO, JASON FERRARO, ARTHUR BARTHOLOMEW, ARTHUR BARTHOLOMEW",LOW,MIAMI BEACH,L20000055117
"SOFL DONUTS, LLC",305-766-3723,tiffany@ehglaw.com,,",  ",,",  ","DAPHINE PERKINS, CURTISHA HOOD, KRYSTAL BROWN, JAQUESHA HOOD, JAQUESHA HOOD",LOW,POMPANO BEACH,L18000006992
"AAA COASTAL MANAGEMENT, LLC",239-314-5691,Peter@coastalvacationproperties.net,,",  ",,",  ","PETER ALBERT, CYNTHIA       A CORRENTI",LOW,FORT MYERS BEACH,L21000335114
CHARLOTTE BAKERY & CAFE INC,786-589-1623,YRODRIGUEZ@DPBCPA.COM,,",  ",,",  ","ALAN WILD, LARRY GONZALEZ, EDIL DAVID DAZA, NICK RIVERA CAMINERO",LOW,MIAMI,P20000040199
FIRE ON THE BAYOU LLC,386-956-1879,fireonthebayoufl@gmail.com,,",  ",,",  ","GRACIELA      V VICTORERO, JUAN CARLOS VICTORERO, JUAN CARLOS VICTORERO, JASON ACKERMAN",LOW,ORANGE CITY,L17000076848
"SHUT EM DOWN AUTHENTIC SOUTHERN RESTAURANT, LLC",904-330-8282,shutemdownasr@gmail.com,,",  ",,",  ","Richard       L Jones, Thomas        L Jones, CATHERINE     M JONES, Catherine     M Jones",LOW,JACKSONVILLE,L14000176644
"VENEZIA PIZZA & CAFE, INC.",305-868-2267,jgpr599@hotmail.com,,",  ",,",  ","ISAAK AKOUKA, ISAAK AKOUKA, Joseph Ferrandino, Angelo Pastore, Christopher Roy",LOW,MIAMI BEACH,P99000000815
"LA' DIFFERANCE BAKERY & TAKEOUT RESTAURANT, LLC",321-945-6416,Smanetgtl22@gmail.com,,",  ",,",  ","CAPI SMANE, EMILIE LITUS-CAPI, SMANE CAPI, H             D Harrison",LOW,ORLANDO,L19000145629
THE NOIA GROUP LLC,786-804-1355,camila@orange-accounting.com,,",  ",,",  ","Sharon        Dr. Brown, OWEN WALKER, EDNA          N KWAWU-AMEY, EDWARD        E KWAWU AMEY, MICHAEL TAYLOR",LOW,MIAMI,L15000004813
"ICE DREAMMM SHOP, LLC",727-967-1277,Icedreammmshop@gmail.com,,",  ",,",  ","ANTHONY FURNARI, MICHELLE      C FURNARI, JOSEPH        S SCHEMBRI, JOSEPH        S SCHEMBRI",LOW,LUTZ,L16000039988
HOWLEY REAL ESTATE LLC,813-710-0743,williamhowley@gmail.com,,",  ",,",  ","William       P Howley, WILLIAM       P HOWLEY",LOW,TAMPA,L14000152182
JUICE BREWS LLC,786-499-6848,cgonzalez1082@gmail.com,,",  ",,",  ","ARLENE RUARTE, ARLENE RUARTE, ARLENE RUARTE, MAYRA         G RUBIO LIMON, CHRISTOPHER   J GONZALEZ",LOW,HOMESTEAD,L23000053292
"MAKIN' WAVES, LLC",334-406-4603,makinwaves619@yahoo.com,,",  ",,",  ","CHARLES       W HURD, CHARLES       W HURD, MICHAEL MCMULLIN, MICHAEL MCMULLIN",LOW,CLEARWATER,L05000036309
"SS HOTEL MANAGEMENT, LLC",305-538-1700,EGARCIA@ARTEHOSPITALITY.COM,,",  ",,",  ","TINA          M MEADOWS, TINA          M MEADOWS, NELSON MORA, CARLOS COLL, NELSON MORA",LOW,MIAMI,L19000012338
"26TH DEGREE BREWING COMPANY, LLC",954-532-6964,yg@26brewing.com,,",  ",,",  ","HECTOR        LJR PAGAN- RIVERA, HECTOR PAGAN-FELICIANO, DENIEL MARTINEZ, ALEX MARTINEZ, YONATHAN      Yonath GHERSI",LOW,POMPANO BEACH,L14000037753
HBNB CORP,240-863-1597,SMFE2020@GMAIL.COM,,",  ",,",  ","ZENIADA       M URBINA, MARTHA        L JIMENEZ GUTIERREZ, MIRIAM        C PEREZ, LEOPOLD ANDRES AGUILES, Atanacia      C AGUILES",LOW,MIAMI,P20000003397
"THE BACON BOSS, LLC",949-547-6601,thebaconbossfoodtruck@gmail.com,,",  ",,",  ","CHRISTINA NORLAND, JOSHUA NORLAND, JOSHUA        P NORLAND",LOW,WESLEY CHAPEL,L14000174584
A&Y PROPERTY MANAGEMENT CORP,786-367-1959,acg.svc@gmail.com,,",  ",,",  ","AYLIN MONTERO, AYLIN MONTERO, CLAUDIA CHUQUIZUTA, CLAUDIA CHUQUIZUTA",LOW,MIAMI,P21000060704
PREFERRED LODGING INCORPORATED,786-797-9450,yourgenevarealtor@gmail.com,,",  ",,",  ","EMMANUEL CHARLES, Emmanuel Charles, VICTORIA MYERS",LOW,MIRAMAR,P18000066204
"MIAMI RESIDENCES MANAGEMENT, LLC",305-747-3886,info@miamiresidencespm.com,,",  ",,",  ","HANNAH        E HAGARTY, SEAN          J HAGARTY, SEAN          J HAGARTY, KEVIN DUCROS, XAVIER DOE",LOW,MIAMI BEACH,L16000035755
VILLA PARAISO VACATION RENTALS LLC,786-449-2584,mlopez0104788@gmail.com,,",  ",,",  ","MICHEL        A LOPEZ, MICHEL        A LOPEZ",LOW,MIAMI,L22000375367
"SOUPA UNIVERSITY, LLC",407-440-4687,soupaucf@gmail.com,,",  ",,",  ","HENRIETTA BUSH, JAMES         TSR BUSH, JAMES         TSR. BUSH, Diana Phanthachit, Jimmy Chhun",LOW,ORLANDO,L21000052275
ELEON CAKES LLC,904-503-1741,eradashtoyan@gmail.com,,",  ",,",  ","ERA DASHTOYAN, ERA DASHTOYAN",LOW,JACKSONVILLE,L21000114274
LE BERGER RESTAURANT LLC,561-577-8513,Lebergerllc@gmail.com,,",  ",,",  ","EMMANUEL GEORGES, EMMANUEL GEORGES",LOW,LAKE WORTH,L15000139867
ASUKAR FOODS CORP,786-418-7334,EFILE1234@INCFILE.COM,,",  ",,",  ","BERTA DELGADILLO, NERWIN TIGRERA, MAYLING OJEDA, ASTRID VARGAS, ASTRID VARGAS",LOW,MIAMI,P18000064837
SARAS FOOD GROUP LLC,561-267-9428,saraskitchenllc@yahoo.com,,",  ",,",  ","ANASTASIA RYCHKOVA, RAVSHAN NURALIEV, RAVSHAN NURALIEV, JOSH GRANGROTH, JOSH GRANGROTH",LOW,ST LUCIE,L24000015950
"LA CAÑITA KENDALL, LLC",786-380-7209,rsalvioli@yourbookkeeperus.com,,",  ",,",  ","MASON         AESQ. PERTNOY, MARCUS CHAVANNES, MARDOCHEE DELVA, MARCUS CHAVANNES",LOW,KENDALL,L23000021702
HRB WYNWOOD LLC,305-789-2766,arnaud@cabinet-nisenbaum.com,,",  ",,",  ",HUGO DAYAN,LOW,MIAMI,L23000234864
DONOVAN'S STEAKHOUSE LLC,813-374-9513,john@donovansmeatery.com,,",  ",,",  ","JOHN CAMISA, JOHN CAMISA, JOHN CAMISA",LOW,RIVERVIEW,L20000198631
"PUBBELLY SUSHI, LLC",407-534-6443,joseluis_serrato@grupo2020.mx,,",  ",,",  ","RODOLFO SIBLEZS, RODOLFO SIBLEZS",LOW,MIAMI BEACH,L11000071713
"ATA-SANDBAR, INC.",941-460-8280,YANNRON@OUTLOOK.COM,,",  ",,",  ","SUSAN         M ATAMANCHUK, DONALD        J ATAMANCHUK, ALEJANDRA     M JUFFE, YHAN          S TORRES, VERONICA      C CROSBIE",LOW,ENGLEWOOD,P17000026311
"CM SPANISH GROUP, LLC",786-695-9831,agarcia@calamillormiami.com,,",  ",,",  ","ALBERTO GARCIA PEREZ, ALEJANDRO     J GARCIA",LOW,MIAMI,L19000272293
LITTLE HEN LLC,954-626-0855,EGLEE@ME.COM,,",  ",,",  ","NOEMI VILLAVICENCIO, JORGE         D VILLAVICENCIO, JORGE         D VILLAVICENCIO, ENRIQUE ALTAMIRANO, ENRIQUE ALTAMIRANO",LOW,MIAMI,L16000041210
STAGE PGA LLC,407-340-5136,andy@stagepga.com,,",  ",,",  ",Samantha      A Posch,LOW,PALM BEACH GARDENS,L18000276973
"CAPITAL BROKERS, LLC",954-268-7789,pdavid@capitalbrokersusa.com,,",  ",,",  ","SONIA WILLIAMS, TERENTIA WILLIAMS, TERENTIA WILLIAMS, Paola         A David, Christian     S Giraldo",LOW,NORTH MIAMI,L02000025012
MAYAMERO STREET FOOD LLC,954-661-0714,favilg@gmail.com,,",  ",,",  ","FAVIANNA RODRIGUEZ, LUIS RODULFO",LOW,NORTH MIAMI BEACH,L19000119417
RASPADOS Y FRITANGA RINCON LEONES 2 CORP,786-482-3688,FULFILLMENT@ZENBUSINESS.COM,,",  ",,",  ","MERTICIA BLACK, MERTICIA BLACK, YORLIN BARERRA BACA, YORLIN BARRERA BACA, CHARLES RIVERS",LOW,MIAMI,P25000010635
LOS TARASCOS LLC,813-492-3433,Veronicadlr6@gmail.com,,",  ",,",  ","VERONICA DE LA ROSA BARRAGAN, VERONICA DE LA ROSA BARRAGAN",LOW,PLANT CITY,L21000439228
TIENDA LA HUASTECA INC,727-351-7441,stephen@pprplaw.com,,",  ",,",  ","YURIDIA SILIS VEGA, MARIO HERNANDEZ VITE, Darren Bardell, STEPHEN       G VOGELSANG",LOW,CLEARWATER,P20000061430
LA REINA DE MEXICO VEMEX LLC,727-475-0572,sanchezcleaning01@gmail.com,,",  ",,",  ","ADOLFO        M SANCHEZ, MIKE VEGA",LOW,CLEARWATER,L18000112668
ZOELADY COOKS LLC,786-600-9752,zoeladycooks@gmail.com,,",  ",,",  ","ROBERTO       J MUNOZ CONTE, ROBERTO       J MUNOZ CONTE, Lucsie Francois, OLICIANE FRANCOIS, OLICIANE FRANCOIS",LOW,MIAMI,L20000015879
THE SPOT HOOKAH LOUNGE INC,614-610-5980,marsha@langfordmyers.com,,",  ",,",  ","Narek Balasanyan, Narek Balasanyan, ERIC SCHOTT, MATT          CESQUI MYERS",LOW,JACKSONVILLE,P18000077635
VOODOO BAYOU LLC,386-222-9668,michael@truegrithospitality.com,,",  ",,",  ","Clinton       C PEERY, CLINTON       C PEERY",LOW,PALM BEACH GARDENS,L18000105615
PORT RICHEY CORRAL LLC,703-577-3729,support@ethicalmoneymatters.com,,",  ",,",  ",FASIL YARIT,LOW,PORT RICHEY,L24000191595
"MARINA CAFE, INC.",860-305-5178,GSOCPALLC@GMAIL.COM,,",  ",,",  ","DANIEL BILGER, DANIEL BILGER",LOW,DESTIN,P99000075523
FICELLE BAKERY LLC,954-655-3907,arizk@ficellebakeryusa.com,,",  ",,",  ","KEVIN         P DEHAAN, Kevin DeHaan, DIMITRI RIZK, ANTHONY RIZK, natacha rizk",LOW,MIAMI,L20000069727
JANIE ANN'S PIZZA INC,941-251-4491,Fitpro125@gmail.com,,",  ",,",  ","HILLARY KOESTER, HILLARY KOESTER, RALPH BALZANO, Gidget Balzano, Gigi Balzano",LOW,BRADENTON,P17000052932
GUIDOS PIZZA TIME INC,561-391-9240,FULFILLMENT@ZENBUSINESS.COM,,",  ",,",  ","RUBY SAVOIX, SHEBRAN CAMPBELL, ASHLEY YEARGIN, ANNA VANORE, GUIDO DEFALCO",LOW,BOCA RATON,P22000014044
ORLANDO VACATION RENTALS SERVICES LLC,863-326-7900,orlandovrs@aol.com,,",  ",,",  ","HOLLY LUCAS, HOLLY LUCAS, Mark Suit, ERIC          M CARTER, SUSAN         P CARTER",LOW,LOUGHMAN,L11000029972
JAVIER'S MEXICAN GRILL INC,850-638-2270,jasonchangcpa@gmail.com,,",  ",,",  ","Emily         N Valdovinos, JAVIER VALDOVINOS, JAVIER VALDOVINOS, JASON         S CHANG, MEI ZYH CHANG",LOW,CHIPLEY,P10000100535
HOMELAB SOLUTIONS LLC,305-924-1043,YURIBALART@HOTMAIL.COM,,",  ",,",  ","GERARDO PACHECO, GERARDO PACHECO",LOW,MIAMI,L20000240643
SOLO POLLO LLC,305-797-1235,LRODRIGUEZ2131@GMAIL.COM,,",  ",,",  ","LIRINCTON     SR RODRIGUEZ, LIRINCTON     SR RODRIGUEZ",LOW,MIAMI,L21000376230
WHAT ARE WE CATERING LLC,954-702-7347,Wawcatering954@gmail.com,,",  ",,",  ","Ryan Silpot, LORINZO       III LOVELY, LORINZO       III LOVELY",LOW,MIRAMAR,L22000298826
"AM EDUCATION & SERVICES, INC.",786-382-8244,PORTRAITDIVAS@GMAIL.COM,,",  ",,",  ","ALEJANDRO CARDONA VALENCIA, ALEJANDRO CARDONA VALENCIA, SARAH SOLTREN, ALISON WARING, JENNIFER SOLTREN",LOW,MIAMI,P12000052309
61 BISCUITS PALM BEACH GARDENS LLC,978-835-7334,OLIVER@61-HOLDINGS.COM,,",  ",,",  ","JAMES         F GIOIELLI, JAMES         F GIOIELLI, OLIVER HURD, OLIVER HURD",LOW,PALM BEACH GARDENS,L25000046337
H2OCEAN SEAFOOD MARKET LLC,954-309-9436,h2oceanseafood@yahoo.com,,",  ",,",  ","HERMAN        MII WILCHER, GLENETTE      A WILCHER",LOW,FORT LAUDERDALE,L21000468282
61 BISCUITS ROYAL PALM BEACH LLC,978-835-7334,oliver@61-holdings.com,,",  ",,",  ","OLIVER HURD, OLIVER HURD",LOW,ROYAL PALM BEACH,L24000352029
SPB SOCIAL GROUP LLC,516-359-9286,keith@thetoastedmonkey.com,,",  ",,",  ","ALCIDES MEJIA, MIRIAN        A GAYA MEJIA, MIRIAN        A GAYA MEJIA, Keith D'Angelo, MATTHEW       A VARIO",LOW,ST PETERSBURG,L15000001915
"JR JASZ, INC.",904-296-9665,agriffin@hmfglaw.com,,",  ",,",  ","Jessica       L Gosselin, Ronald        J Gosselin",LOW,JACKSONVILLE,P03000058441
"KINGFISH GRILL, LLC",904-824-2111,kandrew@rizzetta.com,,",  ",,",  ","ANGELO FRAIOLI, KATHLEEN HOYT, RICHARD SCHARTNER, RICHARD SCHARTNER, PAUL          S MACKEY",LOW,ST AUGUSTINE,M04000003257
"RED MESA MERCADO 2, LLC",727-430-4893,lorrie@redmesagroup.com,,",  ",,",  ","PETER         BJR VEYTIA, PETER         BJR VEYTIA",LOW,ST. PETERSBURG,L22000338156
THE TACO CONCEPT 2 LLC,239-850-9451,oz.lingaros@gmail.com,,",  ",,",  ","Rebecca       G Ozturk, Yavuz Ozturk, Yavuz Ozturk",LOW,NAPLES,L20000154971
THE TACO CONCEPT LLC,239-850-9451,oz.lingaros@gmail.com,,",  ",,",  ","ANGELO        III MAFFUCCI, ANGELO        III MAFFUCCI, Rebecca       G Ozturk, YAVUZ OZTURK, Yavuz Ozturk",LOW,NAPLES,L19000066273
ISLAND VIBEZ JAMAICA RESTAURANT & GRILL INC,407-802-0785,sharonsteward23@yahoo.com,,",  ",,",  ","SHARON MOORE, SHARON MOORE, LEOR ELIAYAHU, LEOR ELIYAHU",LOW,ORLANDO,P22000059039
"FRANCOLI SERVICES, LLC",786-813-7641,jolivardia@gmail.com,,",  ",,",  ","Gloria Sanchez, Javier        A Olivardia, Diana         D Franco",LOW,MIAMI,L21000489434
"INTERNATIONAL CORNER CAFE , LLC",407-692-1000,jconde66@yahoo.com,,",  ",,",  ","HOLLY         A GARCIA, HOLLY         A GARCIA, JULIO CONDE, Julio CONDE",LOW,KISSIMMEE,L14000101658
RISE ABOVE ELEVATOR LLC,772-201-7892,kw@riseaboveelevator.com,,",  ",,",  ","DANINA        M RIVERA DE COURTOIS, RANDY         E COURTOIS, DANINA        M RIVERA DE COURTOIS, KENNETH MUSCANERA, GEORGE        KJR. WINN",LOW,PORT SAINT LUCIE,L18000061057
STRAWBERRY BAKERY CAFE INC,903-922-9261,david@gocoastalpools.com,,",  ",,",  ","EDUARDO       V GONZALEZ MARTLAND, ANTONIO       E CASCO, ANTONIO       E CASCO, LAWRENCE      A COMER, DAVID         LJR KAELIN",LOW,DOVER,P19000091969
"GATEWAY DONUTS, LLC",978-273-7155,jgordon@sgordoncorp.com,,",  ",,",  ","ELIUD ACOSTA, CARLOS        JMR QUINONES, WILLIAM       EMR. ACOSTA, WILLIAM       EMR. ACOSTA, JOSHUA        A COLON",LOW,BOYNTON BEACH,L12000003533
"CONGRESS COFFEE, LLC",978-273-7155,jgordon@sgordoncorp.com,,",  ",,",  ","Jason         M Gordon, STANLEY GORDON, STANLEY GORDON, ADRIAN MEDINA-MURGUIA, ADRIAN MEDINA-MURGUIA",LOW,BOYNTON BEACH,L15000049836
CHARLOTTE HARBOR YACHT CLUB INC,941-629-5131,manager@charlotteharboryc.com,Dilaura Debbie,"4400 LISTER STREET, PORT CHARLOTTE 33952",1973-04-17,"4400 LISTER STREET, PORT CHARLOTTE 33952",Comm: Holland Martin A; PMoo: e Steve 4400; aura: Debbie 4400 Lis; : Travis 4400 LISTER; : Russell B 4400 LISTER STRE,LOW,PORT CHARLOTTE,726150
"OFF THE HOOK BAR AND GRILL, LLC",850-625-2295,bkmurdockpcb@yahoo.com,,",  ",,",  ","FANNI ROJAS, JOHANA AYALA, JOHANA AYALA, BRIAN MURDOCK, Brian         K Murdock",LOW,PANAMA CITY,L14000012746
1 MSF LLC,941-253-5699,Brent.schad@milkshakefactory.com,,",  ",,",  ",BRENT         A SCHADENBERG,LOW,BRADENTON,L24000324630
ISLAND BLUE ENTERPRISE LLC,954-681-0330,selenagibson876@gmail.com,,",  ",,",  ","ASHLEY GRAHAM, SELENA GIBSON, SELENA GIBSON",LOW,NORTH MIAMI,L24000189784
BAYPORT PARTNERS LLC,203-216-3898,john.petro@milkshakefactory.com,,",  ",,",  ","JOHN          M PETRO, MAXWELL       D DE MONICO, MAX DE MONICO",LOW,PANAMA CITY BEACH,L23000480911
"BLISSFUL DELIGHTS, LLC",407-361-0599,mmaingi@gmail.com,,",  ",,",  ","MERCY         M NATAL, ARMANDO NATAL, MERCY         M NATAL",LOW,HAINES CITY,L23000548128
HONY & BERLY LLC,413-627-3460,cravensbfl@gmail.com,,",  ",,",  ","KIMBERLY      S FISCHETTI, ANTHONY       WJR. FISCHETTI",LOW,NEW SMYRNA BEACH,L24000337019
116 GRILL DISTRICT LLC,813-733-1818,ramygeorgy@hotmail.com,,",  ",,",  ",RAMY GEORGY,LOW,PARRISH,L24000482661
"SJ BBQ CHICKEN 1, INC.",727-452-3284,ERIKAMULTISERVICES@HOTMAIL.COM,,",  ",,",  ","JAY           J CHOO, JAY           JCEO CHOO, ERIKA         P GONZALES LOPEZ, ERIKA         P GONZALES LOPEZ",LOW,WINTER GARDEN,P24000019183
KINGDOM P1 CORPORATION,813-629-0332,FILINGS@SWYFTFILINGS.COM,,",  ",,",  ","ELTON         JR. POWELL, ELTON         SSR. POWELL, ELTON POWELL, ELTON         SSR. POWELL, ELTON         SSR. POWELL",LOW,TALLAHASSEE,P24000058493
J&T SWEETS LLC,646-208-0024,DAVE@REPTAXPRO.COM,,",  ",,",  ","JEFFREY REYNOSO, DAVID BYCK",LOW,DELRAY BEACH,L25000163355
"PASSIDE FOODS, INC.",954-662-2070,RECTIFICADORAROAFL@GMAIL.COM,,",  ",,",  ","Fayola Blackwood, DUWAYNE BLACKWOOD, DUWAYNE BLACKWOOD, LUIS          J ROA, LUIS          M ROA",LOW,COCONUT CREEK,P24000023893
"SUPER SUBS ETC., INC.",305-665-0990,eh@hortasassociates.com,,",  ",,",  ","STEPHANIE HERNANDEZ, JUDSON WINES",LOW,MIAMI,P97000037872
LAKE OK LANDING LLC,224-251-8788,SAMANTHA@hancapitalgroup.com,,",  ",,",  ","ALEXANDER TURIK, Alexander Turik, Samantha Cothern, Nikita Turik",LOW,LINCOLONWOOD,L22000261110
GOLF BREVARD INC.,321-952-4529,ksantos9980@gmail.com,Yurigan Mike,"2374 Oak St, Melbourne Beach 32951",2018-03-28,"2374 Oak Street, Melbourne Beach 32951",Chai: Proctor Steve; PCra: ens James 2374; achl: n Scott 2374 OAK; : Jim 2374 Oak Str; : Bill 2374 Oak Street; : Gail 2374 Oak Street,LOW,MELBOURNE BEACH,N18000003660
"BEAR LAKES COUNTRY CLUB, INC.",561-478-0001,cfo@bearlakes.org,RONSON STEVEN,"1901 VILLAGE BLVD, WEST PALM BEACH 33409",1986-03-21,"1901 VILLAGE BLVD., WEST PALM BEACH 33409-7308",Pres: CAMPBELL JOHN; PDeM: rco Janice L 1901; shna: amy RAJAN J 1901 VIL; : Steven 1901 Village,LOW,WEST PALM BEACH,N13958
HYDE PARK GOLF & COUNTRY CLUB INC,904-786-5410,play@hydepark.golf,,",  ",,",  ",,LOW,JACKSONVILLE,263964
"PALM BEACH NATIONAL GOLF AND COUNTRY CLUB, INC.",561-965-0044,govdocs@corpcreations.com,,",  ",,",  ",,LOW,LAKE WORTH,317630
"SUGAR MILL COUNTRY CLUB, INC.",386-426-5200,payroll@sugarmillcc.com,HITCHNER LORI A,"100 CLUBHOUSE CIR., NEW SMYRNA BEACH 32168",1981-01-27,"100 CLUBHOUSE CIRCLE, NEW SMYRNA BCH 32168",Secr: Kolodinsky Richard H; PSki: ner Mike 2674; ian: Raymond 413 Glen; : Raymond 413 Gleneagl; : Jeffrey 431 Gleneagles D; : Mark H 1108 Loch Lomond Cou,LOW,NEW SMYRNA BEACH,756074
"HIGHLAND WOODS GOLF & COUNTRY CLUB, INC.",239-495-9332,DBEAUDETTE@MERZBACHLAW.COM,Kovalcik Jordan,"9100 HIGHLAND WOODS BLVD, BONITA SPRINGS 34135",1995-02-20,"9100 HIGHLAND WOODS BLVD., BONITA SPRINGS 34135",Pres: Lazar Virginia; PHoe: pner Rose 2639; ffit: s Tom 26251 Su; : Rick 9200 Highlan; : Robert 9400 Highland Wo; : Sandra 26061 Clarkston Driv,LOW,BONITA SPRINGS,N95000000818
"HEALTHY NOURISHMENTS 2GO, LLC",813-898-4848,,,",  ",,",  ",,LOW,WESLEY CHAPEL,
"CAIN FAMILY ENTERPRISES, LLC",904-769-9060,jeremy.cain@firehousesubs.com,,",  ",,",  ","JEFFREY FASSETT, JEFFREY FASSETT, AMY           L FISER, JEREMY        J CAIN, SAMUEL        L LEPRELL",LOW,MACCLENNY,L09000089538
WOODS PROJECTS LLC,407-436-4618,mykeyz73@me.com,,",  ",,",  ","MICHAEL       CII WOODS, MICHAEL       CII WOODS",LOW,LAKE CITY,L23000544863
"SUBWAY 399, INC",850-384-5232,ponce937@gmail.com,,",  ",,",  ","CAROLE        D MCEACHERN, ALBERT        A MCEACHERN, ALBERT        A MCEACHERN, FEDERICO PONCE, FEDERICO PONCE",LOW,GULF BREEZE,P16000092263
"AJEEN, LLC",904-396-9922,accounting@mhospitalityfl.com,,",  ",,",  ","SCOTT         D ALTERS, MATTHEW MEDURE",LOW,JACKSONVILLE,L24000293158
"SCENIC STAYS, LLC",850-654-6217,anne@bbahoa.com,,",  ",,",  ","Lino Maldonado, ANNE          E BOLLINGER, RON WHITFIELD, VICTOR        C WHEELER, ANNE          E BOLLINGER",LOW,DESTIN,L17000223116
"CINNAMON TREE CAFE, L.L.C.",386-341-2205,kodybologna@gmail.com,,",  ",,",  ","KODY KLING, KODY KLING",LOW,PORT ORANGE,L11000136685
PEREZ SERGIO,954-662-4891,,,",  ",,",  ",,LOW,STUART,
"BEACH LUXURY VACATIONS, LLC",850-737-0044,tabitha@beachluxuryvacations.com,,",  ",,",  ","LAUREN        T BIANCO, LAUREN        T BIANCO, Tabitha Marvel, Tabitha Marvel",LOW,MIRAMAR BEACH,L18000052470
