debtor_name,Primary Phone,All Phones,sunbiz_email,city,state,address,zip,num_mcas,enhanced_distress_level
HUBBLE BUBBLE CORP,305-542-4382,305-542-4382,HGUERRERO@ARCFLA,HALLANDALE BEACH,FL,1000 EAST HALLANDALE BEACH BOULEVARD,33009,3,DEFUNCT
SABOR VENEZOLANO INC,305-716-0785,305-716-0785,INTLGROUP@GMAIL.COM,HIALEAH,FL,3300 W 84 ST,33018,3,DEFUNCT
FIRE ON THE BAYOU NSB LLC,386-956-1879,386-956-1879,fireonthebayounsb@gmail.com,NEW SMYRNA BEACH,FL,1500 S DIXIE FWY,32168-7607,5,CRITICAL
LAKE WALES BOWL LLC,315-778-8744,315-778-8744,strikeslakewales@outlook.com,LAKE WALES,FL,950 EAGLE RIDGE DRIVE,33898,4,HIGH
BUTTERFIELDS SOUTHERN CAFE LLC,561-252-9089,561-252-9089,mike@butterfieldcafe.com,ROYAL PALM BEACH,FL,1145 ROYAL PALM BEACH BLVD,33411,4,HIGH
GEORGE ALLEN ENTERPRISES,321-704-3334,321-704-3334,Keviny1985@yahoo.com,ORLANDO,FL,23 E CENTRAL BLVD,32801,4,HIGH
JOYS ROTI DELIGHT,239-850-9451,239-850-9451,,LAUDERHILL,FL,1205 NW 40TH AVE,33313,4,HIGH
STARSON LLC,727-754-0062,727-754-0062,Starson900@gmail.com,HARBOR BLUFFS,FL,111 CRESTWOOD LANE,33770,4,HIGH
MILLER'S JAMAICAN CUISINE LLC,407-776-9271,407-776-9271,SUZETTEMILLER345@GMAIL.COM,ORLANDO,FL,6854 FOREST CITY RD,32810,3,HIGH
URBAN SOUL DAIQUIRIS & WINGZ LLC,404-438-7795,404-438-7795,STEVEABROCK@GMAIL.COM,DAYTONA BEACH,FL,601 MAIN ST,32118,3,HIGH
"BELL & BROWN ENTERPRISES, LLC",254-630-9336,254-630-9336,theglasshouselounge@gmail.com,PINE CASTLE,FL,5636 HANSEL AVE,32809,3,HIGH
KAVA VILLA CORP,786-355-7577,786-355-7577,EFILE1234@INCFILE.COM,MIAMI,FL,125 NW 23RD ST,33127,3,HIGH
KALALOU CARAIBBEAN BAR AND GRILL LLC,321-961-2299,321-961-2299,vertyelysee@gmail.com,ORLANDO,FL,5160 S JOHN YOUNG PARKWAY,32839,3,HIGH
THE GREEN IGUANA BAR & GRILL INC,813-837-1234,813-837-1234,badams@greeniguana.com,TAMPA,FL,4029 S WESTSHORE BLVD,33611,3,HIGH
THE CAFE LLC,704-328-6109,704-328-6109; 813-879-5151; 305-296-5515,adwchelsea@icloud.com,NAPLES,FL,1209 3RD STREET SOUTH,34102,3,HIGH
ROKO INVESTMENTS LLC,954-541-5284,954-541-5284,Olenkasweets@gmail.com,WESTON,FL,2246 WESTON RD,33326,3,HIGH
CANTINA VIAJERO LLC,214-995-5010,214-995-5010,karin@baalegal.com,TRINITY,FL,1338 EPIPHANY WAY SUITE 103,34655,3,HIGH
BOCA GRILL INC,561-419-8434,561-419-8434,RL@goldstandardofcare.com,BOCA RATON,FL,8903 GLADES RD STE G9,33434,3,HIGH
CANOPY ROAD CAFE LLC,407-967-1149,407-967-1149; 850-273-1111; 813-245-2055,draneymd@aol.com,TALLAHASSEE,FL,2202 CAPITAL CIRCLE NE,32308,3,HIGH
THE ROYAL FAMILY INVESTMENTS LLC,407-777-0817,407-777-0817; 407-435-0083,homespecialist18@icloud.com,ORLANDO,FL,12473 S ORANGE BLOSSOM TRL,32837,2,HIGH
KUACHOS 305 INC,786-569-4469,786-569-4469,MTMCUISINE@GMAIL.COM,MIAMI,FL,13800 SW 137TH AVE,33186,2,HIGH
FARM TO TACO LLC,727-203-8129,727-203-8129; 727-688-3850,farmtotaco@gmail.com,TRINITY,FL,10700 FL-54,34655,2,HIGH
GIGGLEWATERS MOBILE KITCHENS LLC,212-203-2449,212-203-2449,hilaryhhawks@gmail.com,CLEARWATER,FL,1249 WOODLAWN TERRACE,33755,2,HIGH
NAKAMA ANIME CAFE LLC,865-640-3066,865-640-3066,shawnlim212@gmail.com,ORANGE PARK,FL,"1540 WELLS ROAD , SUITE 11",32073,2,HIGH
DE BOER GROUP INC,904-749-0775,904-749-0775,VICTORESTATESLLC@GMAIL.COM,YULEE,FL,76030 WILLIAM BURGESS BOULEVARD,32097,2,HIGH
"LE PAVILLON OF ST. AUGUSTINE, LLC",904-377-7610,904-377-7610,chezlamouruptown@gmail.com,ST AUGUSTINE,FL,45 SAN MARCO AVE,32084,2,HIGH
ARIO LLC,407-724-6910,407-724-6910,ORMOD1717@GMAIL.COM,PANAMA CITY BEACH,FL,1308 BECK AVENUE,32401,2,HIGH
PRONTO PIZZA INC,561-842-5660,561-842-5660,betty@bonosbarbq.com,OCALA,FL,303 SE 17TH STREET #104,34471,2,HIGH
LA GUAJIRA PIZZERIA CUBANA LLC,786-253-0514,786-253-0514,dianelisjesus@hotmail.com,HIALEAH,FL,1905 W 60TH ST,33012,2,MODERATE
"AROY THAI & SUSHI, INC.",813-562-1010,813-562-1010,cindy@commpropmanagement.com,PETERSBURG,FL,5306 SEMINOLE BLVD ST.,33708,2,MODERATE
"RINCONCITO LATINO CAFETERIA, INC.",305-606-9323,305-606-9323,usa.managementco@gmail.com,MIAMI,FL,9979 S.W. 142 AVENUE,33155,2,MODERATE
THE URBAN OAK BRICK OVEN LLC,727-858-7346,727-858-7346,theurbanoakbrickoven@gmail.com,NEW PORT RICHEY,FL,11406 RIDGE RD,34654,2,MODERATE
FOSTERS BBQ,561-460-3490,561-460-3490,,WEST PALM BCH,FL,510 21ST ST APT 2,33407,2,MODERATE
"HOMELAB SOLUTIONS, LLC",305-924-1043,305-924-1043,YURIBALART@HOTMAIL.COM,MIAMI,FL,4724 SW 135TH PL,33175,2,MODERATE
"AFRO LOUNGE, LLC",610-657-4069,610-657-4069,accahorlu@gmail.com,HOLLYWOOD,FL,2050 HOLLYWOOD BLVD,33020,2,MODERATE
CHARLIE'S HAPPY CORN INC,863-484-3198,863-484-3198,dazesouvenir@yahoo.com,PALM SPRINGS,FL,3273 LAKE WORTH RD,33461,2,MODERATE
"RP PALM BEACH, LLC",561-296-7699,561-296-7699,jason@jasonhamilton.ink,WEST PALM BEACH,FL,309-313 CLEMATIS STREET,33401,2,MODERATE
"JERK MACHINE @ RIVER BEND FT LAUDERDALE, LLC",954-440-4556,954-440-4556,jerkmachine3@gmail.com,FORT LAUDERDALE,FL,317 SOUTHWEST 6TH STREET,33315,2,MODERATE
TIKI TIMS LLC,727-290-5274,727-290-5274,tikitims2020@gmail.com,PINELLAS PARK,FL,11424 60TH ST N,33782-2625,2,MODERATE
CREAM FUSION LLC,954-982-4640,954-982-4640,cummingsdevon@gmail.com,GREENACRES,FL,3979 S JOG RD,33467,2,MODERATE
MARGO'S KITCHEN LLC,917-365-6753,917-365-6753,margoskitchen63@gmail.com,BOYNTON BEACH,FL,4735 N CONGRESS AVE,33426,2,MODERATE
"THREE ODD GUYS BREWING, LLC",407-703-2051,407-703-2051,trod@threeoddguysbrewing.com,APOPKA,FL,48 E 5TH STREETS,32703,2,MODERATE
VELCHOFF'S CORNER LLC,386-530-9021,386-530-9021,donnafeibelman@gmail.com,PALATKA,FL,105 N 2ND STREET STE. D,32177,2,MODERATE
ANDY D'S FOOD OF NAVARRE LLC,850-200-0702,850-200-0702,STAFF@DURSTJORDAN.COM,NAVARRE,FL,8649 GULF BOULEVARD,32566,2,MODERATE
STREETERS ACCLAIMED KITCHEN LLC,904-418-0571,904-418-0571,JOHNATHANSTREETER99@GMAIL.COM,JACKSONVILLE,FL,7185 CRANE AVENUE,32216,2,MODERATE
"TACO WORKS DOWNTOWN, LLC",239-246-1246,239-246-1246,brad@thecozzateam.com,CAPE CORAL,FL,1017 CAPE CORAL PARKWAY EAST SUITE B,33904,2,MODERATE
"BURGERS ON POINT, LLC",813-654-3232,813-654-3232,chicagosbestburgers@gmail.com,BRANDON,FL,1925 WEST BRANDON BOULEVARD,33511,2,MODERATE
GRILLE 19 ASIAN FUSION INC,727-459-5309,727-459-5309,KWALTON@CENTURYLINK.NET,PORT RICHEY,FL,10164 US HIGHWAY 19,34668,2,MODERATE
HIBACHI JOSE RESTAURANT LLC,352-217-0349,352-217-0349,RUBIS.ROVIRA@WEINSUREGROUP.COM,LEESBURG,FL,210 N LONE OAK DR UNIT 2,34748-4716,2,MODERATE
BILYK INVESTMENT GROUP LLC,407-361-9111,407-361-9111,bilykinvestmentgroup@gmail.com,KISSIMMEE,FL,5143 CROWN HAVEN DR,34746,2,MODERATE
HOOKED ON JUPITER LLC,561-203-2301,561-203-2301,arthur@b-hooked.com,JUPITER,FL,337 E INDIANTOWN RD STE 10,33477,2,MODERATE
TACO TIME MEXICAN GRILL LLC,352-516-8232,352-516-8232,tacotime@yahoo.com,EUSTIS,FL,2736 E DELLWOOD DR,32726,2,MODERATE
ROMI RIPA LLC,727-233-9200,727-233-9200,Roumeliia@gmail.com,HUDSON,FL,9821 DENTON AVE.,34667,2,MODERATE
"WILD OLIVES MARKET, LLC",850-259-3541,850-259-3541,WILDOLIVES@MCHSI.COM,SANTA ROSA BEACH,FL,4771 E COUNTY HWY 30A,32459,2,MODERATE
"CABANA CAFE RESTAURANT, INC",850-424-3574,850-424-3574,destinaccounting@yahoo.com,MIRAMAR BEACH,FL,112 SEASCAPE DR,32550,2,MODERATE
JAKE & HENRY'S LLC,850-259-3541,850-259-3541,259matt@gmail.com,FORT WALTON BEACH,FL,138 MIRACLE STRIP PARKWAY SW,32548,2,MODERATE
RICO PAN BAKERY CAFE INC,407-814-4236,407-814-4236,,KISSIMMEE,FL,1003 W VINE ST,34741,2,MODERATE
TATLICI FOOD INC,312-709-3413,312-709-3413,FLfilings@northwestregisteredagent.com,CLEARWATER,FL,530 CLEVELAND STREET,33755,2,MODERATE
"3 DAUGHTERS BREWING, LLC",727-495-6002,727-495-6002,jessica@3dbrewing.com,ST. PETERSBURG,FL,222 22ND STREET,33712,2,MODERATE
CANDELA GASTRO BAR CORP,786-354-4942,786-354-4942,DRESSAMSEDRAK@HOTMAIL.COM,MIAMI,FL,1110 BRICKELL AVENUE SUITE 701,33131,2,MODERATE
LICK-IT BBQ & WOOD FIRED PIZZA,305-986-2999,305-986-2999,mgonzalez@turnercpas.com,MIAMI,FL,18320 NW 85 AVE,33015,2,MODERATE
M&L TARPON SPRINGS LLC,727-301-9804,727-301-9804,MARTINSELEEM@GMAIL.COM,TARPON SPRINGS,FL,40737 US HIGHWAY 19 N,34689,2,MODERATE
JLB BEACH LLC,561-249-2795,561-249-2795,mikeryan32645@yahoo.com,RIVIERA BEACH,FL,2401 OCEAN AVE,33404,2,MODERATE
"AMERICAN ICON BREWERY, LLC",954-500-4266,954-500-4266,kromano@americaniconbrewery.com,BOYNTON BEACH,FL,4781 NORTH CONGRESS AVENUE,33426,2,MODERATE
TROY A STEPHENS,352-475-3015,352-475-3015,THEFROZENPELICAN@GMAIL.COM,MELROSE,FL,854 N STATE ROAD 21,32666,2,MODERATE
AVENUE BLU,813-494-5615,813-494-5615,info@avenueblu.com,RIVERVIEW,FL,10810 BOYETTE ROAD 2875,33569,2,MODERATE
ST. ANDREWS SLICE HOUSE LLC,850-276-2925,850-276-2925,phillmmercer@gmail.com,PANAMA CITY,FL,2712 GLENVIEW AVE,32405-7072,2,MODERATE
MARES REAL PERUVIAN CUISINE,407-218-2328,407-218-2328,snardella@nardellalaw.com,HUNTERS CREEK,FL,13586 VILLAGE PARK DRIVE,32837,2,MODERATE
THE ELUSIVE GRAPE INC,386-785-2467,386-785-2467,elusivegrape@cfl.rr.com,DELAND,FL,129 N WOODLAND BLVD,32720,2,MODERATE
LA PICANA GRILL RESTAURANTE,786-848-5356,786-848-5356,lapicanagrillrestaurante@gmail.com,MIAMI,FL,3188 NW 72ND AV,33122,2,MODERATE
APOCALYPSE BBQ LLC,305-613-9112,305-613-9112,Alfredbeato@lgadvice.com,MIAMI,FL,13504 SW 108 ST CIR N,33186,2,MODERATE
BURGERS ON POINT LLC,813-654-3232,813-654-3232,chicagosbestburgers@gmail.com,BRANDON,FL,1925 WEST BRANDON BOULEVARD UNIT A,33511,2,MODERATE
LA COLOMBIANITA BAKERY AND RESTAURANT LLC,863-205-0801,863-205-0801,LACOLOMBIANITALLC1@GMAIL.COM,DAVENPORT,FL,306 MCFEE DRIVE,33897,2,MODERATE
SOUL HIBACHI,321-614-8002,321-614-8002,info@soulhibachi.com,TITUSVILLE,FL,1239 MACON DR,32780,2,MODERATE
"CANTINA VIAJERO, LLC",214-995-5010,214-995-5010,karin@baalegal.com,TRINITY,FL,1338 EPIPHANY WAY UNIT 103,34655-9407,2,MODERATE
MATOS ELITE ENTERPRISES LLC,908-294-2022,908-294-2022,aeswfl@gmail.com,THREE OAKS,FL,17167 THREE OAKS PARKWAY 1230,33967,2,MODERATE
WENT4IT LLC,561-291-4607,561-291-4607,FORMATIONS@WYOMINGLLCATTORNEY.COM,DELRAY BEACH,FL,404 W ATLANTIC AVE,33444,2,MODERATE
OLIVELLAS ITALIAN RESTAURANT AND PIZZERIA INC,407-325-7040,407-325-7040,,WINTER SPRINGS,FL,1194 SADDLEHORN CIRCLE,32708,2,MODERATE
LOS PERRITOS DEL BARRIO LLC,754-231-7447,754-231-7447; 954-397-4426,bwtusa@gmail.com,MIAMI,FL,"2220 NE SECOND AVENUE, APT 654",33137,2,MODERATE
NMR RESTAURANT INC,239-922-3051,239-922-3051,MIKE.ALHADARI62@GMAIL.COM,FORT MYERS,FL,3732 CLEVELAND AVE,33901,2,MODERATE
MARIO'S FAMILY RESTAURANT INC,305-224-3648,305-224-3648; 305-247-2470,mwb_miami@yahoo.com,HOMESTEAD,FL,1090 N HOMESTEAD BLVD,33033,2,MODERATE
EL SABOR DE MEXICO LLC,813-703-4635,813-703-4635,DCMSERVICESCENTER@GMAIL.COM,TAMPA,FL,320 W WATERS AVE,33604,2,MODERATE
LA PICANA GRILL LLC,786-436-6619,786-436-6619; 305-846-2322,ANA@AKACCOUNTINGFIRMCORP.COM,MIAMI,FL,2634 NORTHEAST 2ND AVENU,33137,2,MODERATE
SAVORES LLC,772-559-4519,772-559-4519,JESSICACHACIN@SAVORESLLC.COM,VERO BEACH,FL,3700 9TH ST SW,32968,2,MODERATE
MARUKO LLC,954-531-4267,954-531-4267,ANNIEKDU@YAHOO.COM,HOLLYWOOD,FL,3327 SHERIDAN ST,33021,2,MODERATE
RA MARTINEZ SPINELLI CORP.,702-544-5222,702-544-5222,GHANNOLD74@GMAIL.COM,ORLANDO,FL,8530 PALM PKWY,32836,2,MODERATE
TIENDA Y TAQUERIA JERUSALEM INC,386-697-6135,386-697-6135,debevans01@yahoo.com,LAKE CITY,FL,16932 S US HIGHWAY 441,32024,2,MODERATE
BARNARD INTERNATIONAL ENTERPRISES LLC,352-223-6238,352-223-6238,magicmeatboutique@gmail.com,MOUNT DORA,FL,322 NORTH ALEXANDER STREET,32757,2,MODERATE
"MCCUMBER-WRIGHT VENTURE, LLC",904-537-4513,904-537-4513,josh.mccumber@mwvgolf.com,HOLLYWOOD,FL,1600 JOHNSON ST,33020,2,MODERATE
"ASSISTED HANDS, LLC",919-522-3450,919-522-3450,kshaver063@gmail.com,BATON ROUGE,LA,11745 BRICKSOME AVE. SUITE B1,70816,1,MODERATE
QUATES MEXICAN RESTAURANT INC,954-635-2404,954-635-2404,an@orlandovacationrealty.com,OAKLAND PARK,FL,3701 NORTH ANDREWS AVENUE,33309,1,MODERATE
HAMMOCK GREENS INC.,239-249-7000,239-249-7000,vanyasings@gmail.com,HOLLYWOOD,FL,1900 VAN BUREN ST APT 116,33020,1,MODERATE
"SHACK, INC.",386-688-7563,386-688-7563,jbrave@tampabay.rr.com,REDDING,CA,1325 EUREKA WAY,96001,1,MODERATE
"SYLVAIN'S CARIBBEAN RESTAURANT AND CATERING, LLC",386-517-3583,386-517-3583; 386-264-6048,SERVICE@MARSOLU.COM,PALM COAST,FL,1000 PALM COAST PKWY SW,32137,1,MODERATE
"MYAMIBACHI, LLC",561-597-3216,561-597-3216,maria.moreno@pointax.com,MIAMI,FL,12750 SW 128TH ST,33186,1,MODERATE
"NAKAMA ANIME CAFE, LLC",865-640-3066,865-640-3066,shawnlim212@gmail.com,ORANGE PARK,FL,1540 WELLS RD,32073,1,MODERATE
"BUT FIRST COFFEE SHOP, LLC",407-655-9388,407-655-9388,butfirstcoffeeshop@yahoo.com,PINE CASTLE,FL,7726 WINEGARD ROAD,32809,1,MODERATE
LADY SUGAR SHACK BBQ INC.,407-600-5014,407-600-5014,office@yourodt.com,DAYTONA BEACH,FL,336 E INTERNATIONAL SPEEDWAY BLVD,32118,1,MODERATE
MEMESH GROUP INC,813-900-6893,813-900-6893,BOWLESJOHNNY62@GMAIL.COM,TAMPA,FL,20216 STILL WIND DR,33647,1,MODERATE
KELOKE DOMINICAN FOOD TRUCK LLC,954-847-0026,954-847-0026,Claudygabriella@gmail.com,FORT LAUDERDALE,FL,9642 NW 45TH ST,33351,1,MODERATE
FRADIAVOLO,786-216-5697,786-216-5697,lakesidecustompoolsfl@gmail.com,MIAMI,FL,281 NW 28TH STREET,33127,1,MODERATE
MJG INC,716-432-2973,716-432-2973,CBABBOTT2001@YAHOO.COM,HALLANDALE BEACH,FL,916 NE 10TH ST,33009,1,MODERATE
MIAMI,786-449-4300,786-449-4300,KINGSTEVENMENA@GMAIL.COM,MIAMI,FL,1001 NW 7TH ST APT. 430,33136,1,MODERATE
MATTIE'S DELECTABLE DESSERTS INC.,407-467-4210,407-467-4210,CLAUDIA@PIEDRACPA.COM,ORLANDO,FL,525 GLEN CHEEK DR,32819,1,MODERATE
LAWTON CITY CORP,786-956-7436,786-956-7436,hdumeus@hotmail.com,MIAMI,FL,2923 SW 1ST STREET,33135,1,MODERATE
CHOP LLC,850-736-9802,850-736-9802,drew@taylorevents.com,PONTE VEDRA BEACH,FL,3081 LA RESERVE DR,32082,1,MODERATE
XCLUSIVE EATZ LLC,352-682-6111,352-682-6111,Edwinfaircloth@yahoo.com,GAINESVILLE,FL,3628 SOUTHEAST 18TH AVENUE,32641,1,MODERATE
212 EATS LLC,209-420-4874,209-420-4874,ANTOINNEF@GMAIL.COM,WEST PARK,FL,2209 SW 59TH TERRACE,33023,1,MODERATE
"HAPPINESS IS..., LLC",603-391-4129,603-391-4129,,ORMOND BEACH,FL,177 E GRANADA BLVD,32176,1,MODERATE
LA VACA LOCA CHURRASQUERIA LLC,305-354-6919,305-354-6919,AVONDALE.BUSINESS.SERVICES@GMAIL.COM,PRINCENTON,FL,12335 SW 248 ST,33032,1,MODERATE
BIZZARRO PIZZA COMPANY,321-302-2810,321-302-2810; 321-537-0292,JENNIFER233@AOL.COM,SATELLITE BEACH,FL,1024 HIGHWAY A1A,32937,1,MODERATE
HICKS SEAFOOD HOUSE OF APOPKA LLC,407-255-0538,407-255-0538,hicksseafoodapk@gmail.com,APOPKA,FL,60 E MAIN ST,32703,1,MODERATE
YOU DIRTY DOG,631-903-2572,631-903-2572,,POMPANO BEACH,FL,1020 SOUTH WEST 46TH AVENUE APT 201,33069,1,MODERATE
BAK A YAAD CUISINE LLC,954-496-5935,954-496-5935,bakayaadcuisine@gmail.com,LAUDERDALE LAKES,FL,4316 N STATE RD 7,33319,1,MODERATE
CASITA LUNA MEXICAN RESTAURANT LLC,352-512-2019,352-512-2019,Casitalunamexicanrestaurantllc@gmail.com,OCALA,FL,4422 W HWY 40 SUITE 1,34482,1,MODERATE
DINA ABDEL MEDITERRANEAN DINER LLC,727-233-2173,727-233-2173,Far13Abde@Gmail.com,PORT RICHEY,FL,15403 BERMONDSEY ST,34668,1,MODERATE
RED GROUPER TAVERN LLC,941-441-7661,941-441-7661,jkasmirski@outlook.com,VENICE,FL,345 COMMERCIAL COURT,34292,1,MODERATE
NEON COCONUTS INC,305-339-0811,305-339-0811,christine@partyhelp4u.com,DORAL,FL,7885 NW 107TH AVE STE 4-07,33178,1,MODERATE
EL MARIACHI LOCO MEXICAN RESTAURANT,904-704-0193,904-704-0193,SOFIATAMPABAY@HOTMAIL.COM,PORT RICHEY,FL,5330 TREADWAY DRIVE,34668,1,MODERATE
A TASTE OF PUERTO RICO,772-800-8867,772-800-8867,yfigueroa44.yf@gmail.com,PORT ST. LUCIE,FL,165 NORTHWEST PEACH STREET,34983,1,MODERATE
SYLVAINS CARIBBEAN RESTAURANT AND CATERING LLC,386-517-3583,386-517-3583; 386-264-6048,SERVICE@MARSOLU.COM,PALM COAST,FL,1000 PALM COAST PARKWAY SOUTHWEST,32137,1,MODERATE
THE CHEFS TABLE LLC,772-287-5599,772-287-5599,,STUART,FL,2313 SE OCEAN BLVD,34996,1,MODERATE
LA PEQUENA COLOMBIA RESTAURANT,813-264-1177,813-264-1177,,TAMPA,FL,6312 N ARMENIA AVE,33604,1,MODERATE
RAVISH LLC,706-504-7308,706-504-7308,hello@ravishkitchen.com,LANTANA,FL,210 EAST OCEAN AVENUE,33462,1,MODERATE
CEREMONY BREWING LLC,239-221-7849,239-221-7849,MICHAEL@CHIPBUILDERSFL.COM,BONITA SPRINGS,FL,11040 DEAN ST.,34135,1,MODERATE
CAFE COQUI LLC,407-394-6151,407-394-6151,Linda@daecpa.net,ORLANDO,FL,3819 AVALON PARK EAST BLVD,32828-4853,1,MODERATE
HICKS SEAFOOD HOUSE OF APOPKA,407-255-0538,407-255-0538,hicksseafoodapk@gmail.com,APOPKA FL,FL,60 WEST MAIN STREET,32703,1,MODERATE
PAPY'S BURGER LLC,786-512-5284,786-512-5284,larrylinares2014@gmail.com,MIAMI,FL,1890 NW 107TH AVE,33172,1,MODERATE
VANTAGE POINT COFFEE LLC,904-415-9275,904-415-9275,info@vantagepointcoffee.com,JACKSONVILLE,FL,13042 ROCKY RIVER RD N,32224,1,MODERATE
TAQUERIA ANGEL LLC,863-804-2763,863-804-2763,maldonado_solutions@outlook.com,MULBERRY,FL,3359 ROYAL OAK DR N,33860,1,MODERATE
ROXY'S PUB,561-296-7699,561-296-7699,HOMESBYWEN@YAHOO.COM,WEST PALM BEACH,FL,309-313 CLEMATIS STREET,33401,1,MODERATE
"HERRON REAL ESTATE, LLC",904-239-8073,904-239-8073,rpd13131@yahoo.com,PONTE VEDRA BEACH,FL,"10580 US HIGHWAY 1 N, UNIT 411-412",32081,1,MODERATE
KING SEAFOOD LLC,305-923-5649,305-923-5649,KINGSEAFOOD@ICLOUD.COM,MARATHON,FL,10925 OVERSEAS HWY,33050,1,MODERATE
THE OWL SMOKE SHOP,813-843-9386,813-843-9386,twoolfolk@wyattfirm.com,BRANDON,FL,109 N KINGS AVE,33510,1,MODERATE
"WILTON WINGS, LLC",954-462-9696,954-462-9696,PAULAPACE@COMCAST.NET,FORT LAUDERDALE,FL,1428 NORTHEAST 4TH AVENUE,33304,1,MODERATE
GOLDEN KRUST,407-394-9228,407-394-9228,DANIELLEPAPPAS@BELLSOUTH.NET,WEST PALM BEACH,FL,6901 OKEECHOBEE BLVD,33411,1,MODERATE
PANFRIDAYS LLC,954-812-4279,954-812-4279,muschette0606@gmail.com,LAUDERHILL,FL,7183 W OAKLAND BLVD,33313,1,MODERATE
CIRCLE GRILL LLC,850-263-3292,850-263-3292,,GRACEVILLE,FL,5325 COTTON STREET,32440,1,MODERATE
LATIN CREATIONS LLC,904-705-5406,904-705-5406,,JACKSONVILLE,FL,3505 ST JOHNS BLUFF RD S,32224,1,MODERATE
"SHORE THANG, LLC",706-570-1513,706-570-1513,ctobeyka@gmail.com,ODESSA,FL,12263 STATE ROAD 54 # 5,33556,1,MODERATE
"TRIPLE CROWN TRAILERS, LLC",352-377-0510,352-377-0510,,OCALA,FL,4251 S PINE AVE,34480,1,MODERATE
"RAVISH, LLC",706-504-7308,706-504-7308,hello@ravishkitchen.com,LANTANA,FL,210 EAST OCEAN AVENUE,33462,1,MODERATE
EUPHORIA SUSHI BAR & LOUNGE LLC,386-222-9668,386-222-9668,abello@aventuslawgroup.com,KISSIMMEE,FL,2783 N. ORANGE BLOSSOM TRAIL,34744,1,MODERATE
C$C COOK LLC,407-255-0211,407-255-0211,sgreeneiv@gmail.com,DAVENPORT,FL,2407 ZABALLINA PL,33897,1,MODERATE
LA MICHOACANA PALETERIA INC,850-708-2340,850-708-2340,TCALVO@qualitywebplus.com,PANAMA CITY,FL,4100 HWY 98,32401,1,MODERATE
EMPAISANAS LLC,305-721-6565,305-721-6565,empaisanas@gmail.com,MIAMI,FL,1345 NW 37TH,33142,1,MODERATE
"CAFE FIORE, LLC",352-789-6980,352-789-6980,JOMO.REEVES@GMAIL.COM,ST. AUGUSTINE,FL,120 PALENCIA VILLAGE WAY,32095,1,MODERATE
"BAKER, INC.",513-325-2110,513-325-2110,,PALMETTO,FL,903 3RD AVE W,34221,1,MODERATE
"OLDE CYPRESS DEVELOPMENT, LTD",239-596-4797,239-596-4797,,NAPLES,FL,7165 TREELINE DR,34119,1,MODERATE
"LAN XANG-LAO.THAI.VIETNAMESE.DIM SUM, LLC",239-398-2962,239-398-2962,lavinahanlotxomphou@gmail.com,FORT MYERS,FL,12995 S CLEVELAND AVE,33907,1,LOW
LOS TAQUITOS MEXICAN FOOD II LLC,239-410-6994,239-410-6994; 239-207-9605,Aury25.ac@gmail.com,CAPE CORAL,FL,1091 NE PINE ISLAND RD,33909-2182,1,LOW
LOCAL GARAGE DOOR REPAIR INC,310-717-1732,310-717-1732,JESSICASEROTA@YAHOO.COM,NORTH BAY VILLAGE,FL,7811 BEACHVIEW DR,33141,1,LOW
PISTACHO'S BAKERY AND CAKE LLC,407-448-9183,407-448-9183,leroingroup@gmail.com,DAVENPORT,FL,309 GOLDEN SANDS CIR,33837,1,LOW
LA TINAJA BAR AND GRILL LLC,978-645-1407,978-645-1407,lifinancialgroup@yahoo.com,SPRING HILL,FL,7385 SPRING HILL DR,34606,1,LOW
MOREL'S BAR & GRILL CORP,407-308-1131,407-308-1131,bjt@bjtlawpa.com,PALM BAY,FL,1921 ROBERT J CONLAN BLVD NE STE 1,32905,1,LOW
"CHARLOTTE HARBOR YACHT CLUB, INC",941-629-5131,941-629-5131,manager@charlotteharboryc.com,PORT CHARLOTTE,FL,4400 LISTER ST,33952,1,LOW
"TIKI TIMS, LLC",727-290-5274,727-290-5274,tikitims2020@gmail.com,PINELLAS PARK,FL,11424 60TH ST N,33782,1,LOW
COSTENOS SEA FOOD CORP,305-934-5493,305-934-5493,jay@marjacsolutions.com,KEY BISCAYNE,FL,6747 CRANDON BLVD,33149,1,LOW
"MACKER SEAFOOD, LLC",386-290-1306,386-290-1306,tristanmacker@gmail.com,DAYTONA BEACH,FL,141 BAY STREET,32114,1,LOW
GLOBAL CONQUEST HOLDINGS LLC,239-293-2009,239-293-2009,Tamika@growyournon-profit.com,BONITA SPRINGS,FL,3411 BONITA BEACH RD SW,34134,1,LOW
"DE LEON FOOD SERVICES, INC",305-362-6454,305-362-6454,ONLINEFILINGS@LEGALZOOM.COM,HIALEAH,FL,3553 W 76TH ST,33018,1,LOW
ATOMIC LOUNGE AND BAR L.L.C.,786-315-6818,786-315-6818,torerosbrazilian@gmail.com,MIAMI,FL,15548 SW 72 ST,33193,1,LOW
MANAGUITA RESTAURANT CORP,305-256-0663,305-256-0663,toriprintusa@gmail.com,MIAMI,FL,11373 SW 211 ST,33189,1,LOW
WILD OLIVES MARKET LLC,850-259-3541,850-259-3541,WILDOLIVES@MCHSI.COM,SANTA ROSA BEACH,FL,4771 E COUNTY HWY 30A UNIT 103,32459,1,LOW
"NEW YORK/ROMA PIZZA & PASTA, CORP.",786-443-4696,786-443-4696,Tomaseuvind@gmail.com,MIAMI,FL,125 SE 2ND AVE,33131,1,LOW
AMERICAN GRACE LLC,561-414-0778,561-414-0778,morganshae21@icloud.com,TRENTON,FL,408 N MAIN ST,32693,1,LOW
PAL' BALCON JSJ BLESSED LLC,215-436-3442,215-436-3442,SADIANY72@GMAIL.COM,KISSIMMEE,FL,48 ORCHID LN,34759,1,LOW
OAK & STONE INC.,407-267-3513,407-267-3513,bgrandison@bergersingerman.com,VANCOUVER,WA,3002 NW 124TH ST,98685,1,LOW
"OASIS ROTISSERIE CHICKEN, LLC",727-226-5117,727-226-5117,VIOLETSANTANA1263@GMAIL.COM,TAMPA,FL,7920 N ARMENIA AVE,33604,1,LOW
"MANASOTA KEY REALTY, INC.",941-474-9536,941-474-9536,davidlipstein@englewoodfl.com,ENGLEWOOD,FL,473 S INDIANA AVE,34223,1,LOW
ELITE PRIVATE DINING LLC,863-512-3538,863-512-3538,Eliteprivatediningkt@gmail.com,WEST PALM BEACH,FL,4420 PORTOFINO WAY #211,33409,1,LOW
REEL CAJUN COOKIN LLC,321-698-7655,321-698-7655,reelcajuncookin@yahoo.com,COCOA,FL,660 TUCKER LN,32926,1,LOW
"AKI E RESTAURANT BAR, INC.",754-210-3181,754-210-3181,Office@menefeeservices.com,HOLLYWOOD,FL,1840 HARRISON STREET,33020,1,LOW
EL SAZON DE PUERTO RICO CORP,786-767-0230,786-767-0230,Michigr27@gmail.com,MIAMI,FL,7070 NW 84TH AVE,33166,1,LOW
NGUYEN TUAN HOANG,303-220-0183,303-220-0183,,CLERMONT,FL,1200 OAKLEY SEAVER DR,34711,1,LOW
"SABOR MARACUCHO, LLC",786-475-0547,786-475-0547,ilbelismorales18@gmail.com,BRADENTON,FL,6820 14TH ST W,34207,1,LOW
"PHO VIET NOODLE HOUSE & RESTAURANT II, INC.",321-837-3737,321-837-3737,LCGREEN561@GMAIL.COM,PALM BAY,FL,5275 BABCOCK ST NE,32905,1,LOW
LA CAFETERA INC,786-260-4096,786-260-4096,rmamin93@gmail.com,HIALEAH,FL,245 WEST 51ST STREET,33012,1,LOW
"EL SAZON DE PUERTO RICO, INC.",786-767-0230,786-767-0230,Michigr27@gmail.com,MIAMI,FL,7070 NW 84TH AVE,33166,1,LOW
"PHO VIET NOODLE HOUSE & RESTAURANT, INC.",321-837-3737,321-837-3737,MAUMOR@GMAIL.COM,PALM BAY,FL,5275 BABCOCK ST NE,32905,1,LOW
"PERDIGON EL SABOR, INC.",813-932-3949,813-932-3949,INGRIS@FCPMIAMI.COM,TAMPA,FL,8548 N DALE MABRY HWY,33614,1,LOW
"HAVANA SPICE, INC.",786-205-9215,786-205-9215,MAVERICKHI2017@YAHOO.COM,HOMESTEAD,FL,30530 S DIXIE HWY,33033,1,LOW
"SOUTHERN STYLE FARMSHACK BAR B QUE, LLC",352-581-9859,352-581-9859,farmshackbbque@gmail.com,OCALA,FL,4111 NW 100TH ST,34482,1,LOW
"BLISS POIGNT, LLC",985-445-5602,985-445-5602,Obscurewine@gmail.com,WINTER HAVEN,FL,276 W CENTRAL AVE.,33880,1,LOW
"JUGO BOSS, LLC",954-773-4300,954-773-4300,Jugobossfl@gmail.com,LIGHTHOUSE POINT,FL,2438 N FEDERAL HWY.,33064,1,LOW
DELICIAS LA PRIMA CORP,786-474-8106,786-474-8106,DOCS@INCAUTHORITY.COM,MIAMI,FL,6825 NORTHWEST 7TH AVENUE,33150,1,LOW
TAQUERIA Y ANTOJITOS EL GUANACO LLC,954-351-0792,954-351-0792,cristinaardon285@gmail.com,OAKLAND PARK,FL,331 NORTHEAST 44TH STREET,33334,1,LOW
FOUR POINT LLC,850-393-7905,850-393-7905,rick5491@yahoo.com,TALLAHASSEE,FL,3596 MOSSY CREEK LANE,32311,1,LOW
LOS HOMIES  LLC,727-421-8884,727-421-8884,loshomies82@gmail.com,PINELLAS PARK FL,FL,7625 49TH ST N,33781,1,LOW
STRAWLICIOUS LLC,407-235-0111,407-235-0111; 407-923-7630,strawliciousllc@gmail.com,ORLANDO,FL,6225 INTERNATIONAL DR A,32819,1,LOW
"EL RINCONSITO DEL SABOR, LLC",407-591-0290,407-591-0290,ashleyangelique2010@hotmail.com,PLANT CITY,FL,3418 W BAKER ST,33563,1,LOW
HONDURAS RESTAURANT LLC,813-781-5516,813-781-5516,ashleyangelique2010@hotmail.com,TAMPA,FL,428 W WATERS AVE,33604,1,LOW
PAIGE'S ROOT BEER INC,352-746-3351,352-746-3351; 352-586-0961,TTAXSERVICES@YAHOO.COM,LECANTO,FL,2147 W NORVELL BRYANT HWY,34461,1,LOW
"VARGO'S BUFFALO STYLE PIZZA, LLC",716-800-5225,716-800-5225,VARGOSPIZZERIA@GMAIL.COM,STEINHATCHEE,FL,806 RIVERSIDE DR,32359,1,LOW
WINDMILL POINT APARTMENTS LLC,407-236-7550,407-236-7550,barrywatson@bellsouth.net,ORLANDO,FL,429 SHADY LN DR,32804,1,LOW
"DELICIAS DE LA ABUELA, INC",561-827-5041,561-827-5041; 561-396-5777,jodystaples.kw@gmail.com,WEST PALM BEACH,FL,740 S MILITARY TRL,33406,1,LOW
DOM PARTNERS LLC,352-572-6083,352-572-6083,tkmcdonald4321@gmail.com,OCALA,FL,304 S MAGNOLIA AVE,34471,1,LOW
"BOB'S FAMOUS BBQ, INC",904-588-5391,904-588-5391,hicks@200firstsreet.com,YULEE,FL,462540 E STATE RD 200,32097,1,LOW
BIG RANDY'S CORPORATION,850-694-1528,850-694-1528; 850-661-0077,Dfordevon@gmail.com,TALLAHASSEE,FL,1875 OAK RIDGE RD E,32305,1,LOW
"EL HABANERO CAFE CUBANO,INC",305-414-3734,305-414-3734,zq@nwpus.com,KEY WEST,FL,2814 N ROOSEVELT BLVD,33040,1,LOW
YAMBO EXPRESS INC,786-470-0046,786-470-0046,REESE.GRANT@NMRK.COM,MIAMI,FL,12005 SW 129TH CT,33186,1,LOW
TYPSY UNICORNS BREWING CO. LLC,386-444-3047,386-444-3047,orders@newbusinessfiling.org,EDGEWATER,FL,2944 JUNIPER DRIVE,32141,1,LOW
JOJOTO STEAK HOUSE LLC,321-695-2481,321-695-2481,Jojoto.steakhouse@gmail.com,KISSIMMEE,FL,507 WEST VINE ST,34741,1,LOW
MR. CREAM NY LLC,917-355-8157,917-355-8157,gogleth2020@gmail.com,MIAMI,FL,4401 NW 87TH AVE UNIT 529,33178,1,LOW
ISLAND BOYZ BBQ LLC,863-255-1588,863-255-1588,islandboyzbbq6@gmail.com,WESLEY CHAPEL,FL,4726 WHITE BAY CIRCLE,33545,1,LOW
SUNSET PALM HOTEL LP,786-436-6362,786-436-6362,ap@wbfinancialadvisors.com,DAVENPORT,FL,44199 HIGHWAY 27,33897,1,LOW
VARGOS BUFFALO STYLE PIZZA LLC,716-800-5225,716-800-5225,,STEINHATCHEE,FL,806 S RIVERSIDE DR,32359,1,LOW
EL BODEGON IBERICO INC,305-562-5727,305-562-5727,ROLLINGSTONEAUTOMOTIVES@YAHOO.COM,CAPE CORAL,FL,110 SOUTHEAST 16TH TERRACE,33990,1,LOW
SMOKIN 407 LLC,407-748-6077,407-748-6077,Ryanstackpole@smokin407.com,SANFORD,FL,1406 SAVOY LN,32771,1,LOW
YEAH HOT DOG LLC,689-322-7922,689-322-7922,pago@gncconsultants.com,ORLANDO,FL,8200 VINELAND AVE,32821,1,LOW
FERNANDEZ LEYVA CORP,786-319-6536,786-319-6536,alyssaneufeld@gmail.com,HOMESTEAD,FL,26400 SW 167TH AVE,33031,1,LOW
TACOS PARADISE INC,239-257-8828,239-257-8828,fastfilingservices@gmail.com,CAPE CORAL,FL,228 TROPICANA PKWY W,33993,1,LOW
"TROPICAL KITCHEN, BAR & GRILL LLC",305-494-8015,305-494-8015,Tropicalkitchen24@yahoo.com,LAUDABLE LAKES,FL,3670 N STATE RD 7,33319,1,LOW
A GEEZ GROUP LLC,239-984-3098,239-984-3098,agallagher@cleaneatz.com,FORT MYERS,FL,8917 GREENWICH HILLS WAY,33908,1,LOW
STROBES CENTER INC.,941-962-6690,941-962-6690,pierrejacqueline@ymail.com,SARASOTA,FL,3251 17TH ST UNIT 210,34235,1,LOW
YAADMAN KITCHEN JAMAICAN RESTAURANT LLC,561-255-4250,561-255-4250,realyaadmankitchen@gmail.com,BOYNTON BEACH,FL,801 N CONGRESS AVE,33426,1,LOW
"EL CONUCO EXPRESS, LLC",850-264-0285,850-264-0285,elconucoexpres@gmail.com,TALLAHASSEE,FL,"26 22 WEST TENNESSEE STREET SUITE, 104",32301,1,LOW
LOS QUESUDOS DE MEDALLO MIDTOWN LLC,786-999-2354,786-999-2354,INFO@LNACCOUNTINGSVC.COM,MIAMI,FL,2419 BISCAYNE BLVD,33137,1,LOW
LOGA COMPANY LLC,689-287-4168,689-287-4168,SINAITAXSERVICES@GMAIL.COM,ORLANDO,FL,12570 WINDY POINTE LOOP,32824,1,LOW
WOODSBY'S CAFE LLC,407-932-2252,407-932-2252,Woodsbyscafe22@gmail.com,KISSIMMEE,FL,4515 SOUTH ORANGE BLOSSOM TRAIL,34746,1,LOW
ZAMAR RESTAURANTS LLC,813-732-7132,813-732-7132; 813-293-2723,Zamarrestaurants@gmail.com,TEMPLE TERRACE,FL,5035 EAST FOWLER AVENUE,33617,1,LOW
"SHEN'S PEKING II RESTAURANT, INC.",561-482-1086,561-482-1086,idillon@comcast.net,BOCA RATON,FL,9228 GLADES RD,33434,1,LOW
SURLY SIREN SALOON LLC,702-918-4546,702-918-4546,surlysirensaloon@gmail.com,KEY WEST,FL,308 FRONT ST 2ND FLOOR,33040,1,LOW
JD RICKETTS GROUP LLC,203-578-7795,203-578-7795,,MIAMI GARDENS,FL,19801 NW 27TH AVE STE D,33056,1,LOW
JONAS' KITCHEN LLC,239-357-5700,239-357-5700,heather.desanto7@gmail.com,FORT MYERS,FL,"3040 OASIS GRAND BLVD, APT 1000",33916,1,LOW
LATIN BOWL RESTAURANT INC,813-446-8207,813-446-8207,Hypecentral305@gmail.com,LARGO,FL,11500 WALSINGHAM RD,33778,1,LOW
THE TWO BROTHERS FL LLC,786-859-5657,786-859-5657,ferdinand@miamitg.com,HOLLYWOOD,FL,524 N DIXIE HWY,33020,1,LOW
PARRILLADA CASA AMIGOS LLC,561-404-3022,561-404-3022,dorian.businessabs@gmail.com,PALM SPRINGS,FL,4469 S CONGRESS AVE STE 110,33461-4726,1,LOW
ALPHA & COISE ENTERPRISE LLC,850-339-6632,850-339-6632,alphacoise@gmail.com,TALLAHASSEE,FL,8140 BLOYS CT,32312,1,LOW
BIG G MANAGEMENT LLC,352-454-2686,352-454-2686,flippedbybgm@gmail.com,LECANTO,FL,599 WEST KUHNS LANE,34461,1,LOW
"EZ EATS , LLC",724-498-7777,724-498-7777; 321-830-6866,Eliezeats@gmail.com,ORLANDO,FL,18 N. DOLLINS AVE.,328052140,1,LOW
YBC FOOD SERVICE LLC,954-934-5700,954-934-5700,BMG10406412@GMAIL.COM,OAKLAND PARK,FL,3580 NORTHEAST 12TH AVENUE,33334,1,LOW
THEE BURGER SPOT LLC,813-993-3926,813-993-3926,Elcaminoislow@aol.com,TAMPA,FL,3917 NORTH TAMPA STREET,33603,1,LOW
SEAFOAM DREAMS VACATIONS LLC,850-320-2994,850-320-2994,mezmriz1987@yahoo.com,DESTIN,FL,611 LEGION DR,32541,1,LOW
WEEKI WACHEE CANDY COMPANY,813-598-6786,813-598-6786,AKHAVEINE@YAHOO.COM,SPRING HILL,FL,4149 MARINER BOULEVARD #141,34609,1,LOW
SHAWARMAS TO GO LLC,689-333-8959,689-333-8959,MAGALYNFMS@GMAIL.COM,ORLANDO,FL,2116 WHISPER LAKES BLVD,32837,1,LOW
BRAPPIN CRABS LLC,407-267-7746,407-267-7746,,ORLANDO,FL,9328 MOSS PRESERVE PARKWAY,32832,1,LOW
LUXE PERSONAL CHEF & CATERING LLC,850-321-2495,850-321-2495,,TALLAHASSEE,FL,6600 REIGH COUNT TRAIL,32309,1,LOW
OSECHA GROUP LLC,786-973-3908,786-973-3908,apassotaxservices@gmail.com,MIAMI,FL,34 NW 29 ST,33127,1,LOW
ISLAND CUISINE RESTAURANT,954-648-4020,954-648-4020,,WILTON MANORS,FL,1913 N ANDREWS AVE,33311,1,LOW
ISLAND TIME MARINA LLC,321-274-7104,321-274-7104,carolann@taylorlockard.com,COCOA BEACH,FL,400 WEST COCOA BEACH CSWY COCOA BEACH,32931,1,LOW
EL RINCONCITO LATINO RESTAURANT CAFETERIA INC,786-636-8092,786-636-8092,state@businessfilingsdepot.com,MIAMI,FL,10700 SW 110 TERRACE,33176,1,LOW
"NENA'S WINGS & THINGS, LLC",407-217-4473,407-217-4473,nenas.wings.things@outlook.com,UMATILLA,FL,26168 SE 159TH LN,32784,1,LOW
G'S WINGS N THINGS LLC,631-633-6635,631-633-6635,geeswingsnthings@gmail.com,RIVERVIEW,FL,11759 WINTERSET COVE DR,33579,1,LOW
"HOOKED ON JUPITER, LLC",561-203-2301,561-203-2301,arthur@b-hooked.com,JUPITER,FL,337 EAST INDIANTOWN ROAD E 10,33477,1,LOW
"LEICESTERMORE CAPITAL, LLC",561-837-1972,561-837-1972,jcm@leicestermorecapital.com,JUPITER,FL,5500 MILITARY TRL # 22-394,33458,1,LOW
UPPERTEA LLC,305-409-6566,305-409-6566,info@uppertea305.com,MIAMI,FL,4055 NORTHWEST 17TH AVENUE,33142,1,LOW
"MAJOR UNIVERSAL LODGING, LLC",407-312-6551,407-312-6551,alpie999@yahoo.com,ORLANDO,FL,5621 MAJOR BLVD.,32819,1,LOW
BAYOU BISTRO & TIKI BAR INC,727-612-0069,727-612-0069,850CARRENTALS@GMAIL.COM,TARPON SPRINGS,FL,607 ISLAND DR.,34689,1,LOW
QUIUBO COLOMBIAN BISTRO LLC,407-802-0339,407-802-0339,prontoeataly@gmail.com,SAINT CLOUD,FL,1710 EAST IRLO BRONSON MEMORIAL HIGHWAY,34771,1,LOW
HOGGDADDYS BEACH BAR & GRILL LLC,727-240-1179,727-240-1179,JHAWKS@HOGGDADDYS.COM,CLEARWATER,FL,752 S GULFVIEW BLVD,33767,1,LOW
POPS SOUTHERN BUFFET LLC,352-484-5273,352-484-5273,tostep67@gmail.com,FORT MC COY,FL,25011 NE HWY 314,32134,1,LOW
BOWL OF FUN LANES LLC,863-773-6391,863-773-6391,bowloffunlanes@gmail.com,WAUCHULA,FL,943 S 6TH AVE,33873,1,LOW
PEARL OF THE ISLAND CARIBBEAN CUISINE LLC,954-225-4311,954-225-4311,wiltonantoine1984@gmail.com,MARGATE,FL,1490 FL-7,33063,1,LOW
"THEE BURGER SPOT, LLC",813-993-3926,813-993-3926,Elcaminoislow@aol.com,TAMPA,FL,3917 N TAMPA ST,33603,1,LOW
"WARREN NAPLES, LLC",954-383-9466,954-383-9466,jarred@damngoodhospitality.com,NAPLES,FL,111 10TH ST S #104,34102,1,LOW
MUSASHI LOUNGE LLC,407-326-8484,407-326-8484,incorporation@medeirossouza.com,ORLANDO,FL,7065 WESTPOINTE BLVD,32835,1,LOW
ELEVATOR NEEDZ LLC,772-900-7524,772-900-7524,elevatorneedz@gmail.com,PORT SAINT LUCIE,FL,2735 SW BUCKHART ST,34953,1,LOW
"THE SALTY DONKEY, II, LLC",850-251-4951,850-251-4951,chad@heckmanlawgroup.com,PANACEA,FL,99 ROCK LANDING RD,32346,1,LOW
GALLI ENTERPRISE LLC,508-864-6064,508-864-6064,gallienterprisellc@gmail.com,LAKEWOOD RANCH,FL,13233 SAW PALM CREEK TRAIL,34211,1,LOW
CICALA'S PIZZERIA & RESTAURANT LLC,813-562-6769,813-562-6769,cicalaspizzeria@gmail.com,LAKELAND,FL,2977 DUFF RD,33810,1,LOW
MOTORWORKS BREWING LLC,772-216-3818,772-216-3818,owner@motorworksbrewing.com,BRADENTON,FL,1014 9TH ST W,34205,1,LOW
BEACHCOMBER TRADING POST RESTAURANT LLC,941-460-8580,941-460-8580,carol.hagemann@att.net,ENGLEWOOD,FL,1927 BEACH RD,34223,1,LOW
"GAMORALES, LLC",305-332-9689,305-332-9689,bigpapo_8@yahoo.com,MIAMI,FL,1805 SANS SOUCI BLVD,33181,1,LOW
"BANANA WIND BAR AND GRILL, LLC",352-424-2930,352-424-2930,compliance@zenbusiness.com,ZEPHYRHILLS,FL,5536 GALL BLVD,33542,1,LOW
SOUL SICILIAN FUSION LLC,831-261-9588,831-261-9588,natalyaca@yahoo.com,CLEARWATER,FL,516 CLEVELAND ST,33755,1,LOW
SAN AGUSTIN BAKERY LLC,407-557-6045,407-557-6045,normanrodriguez870@gmail.com,DAVENPORT,FL,2564 UNIT 5B,33897,1,LOW
PHATZ SPORTS BAR & GRILLE LLC,772-237-9719,772-237-9719,SIGSALON@AOL.COM,FORT PIERCE,FL,421 US HIGHWAY 1,34950,1,LOW
EL RINCONCITO SUPERLATINO III,786-301-3761,786-301-3761,SCOTT.FALLICK@GMAIL.COM,CUTLER BAY,FL,"20290 OLD CUTLER RD, CUTLER BAY",33189,1,LOW
TEMAK HOUSE FLORIDA,786-281-3656,786-281-3656,ERIC@X-MGMT.COM,DEERFIELD,FL,420 W HILSSBORO,33441,1,LOW
LA OAXAQUENA TAQUERIA AND GROCERY STORE INC,239-860-0858,239-860-0858,kriswelburn@hotmail.com,NAPLES,FL,2795 DAVIS BLVD,34104-4360,1,LOW
K SHARS LLC,904-597-8947,904-597-8947,Ksharsllc27@gmail.com,JACKSONVILLE,FL,6772 MORSE GLEN LN,32244,1,LOW
EL 809 SUPERMARKET LLC,813-486-0038,813-486-0038,809loungetampa@gmail.com,TAMPA,FL,3710 WEST WATERS AVENUE,33614,1,LOW
IRIE DINER,786-683-8437,786-683-8437,,ORANGE PARK,FL,1177 PARK AVE,32073,1,LOW
CHI KIN WINDERMERE LLC,407-702-0252,407-702-0252,windermere@chi-kin.com,WINDERMERE,FL,5845 WINTER GARDEN VINELAND ROAD,34786,1,LOW
RP FOOD GROUP INCORPORATED,850-486-0136,850-486-0136,FORMULA1JCJD@GMAIL.COM,LAKE WALES,FL,612 STATE ROAD 60,33853,1,LOW
SKY COFFEE BUENOS AIRES,305-910-4745,305-910-4745,ONLINEFILINGS@LEGALZOOM.COM,MIAMI,FL,701 BRICKELL KEY BLVD APT201,33131,1,LOW
BUCKS COAL FIRED LLC,561-632-5191,561-632-5191,BUCKSCOALFIRED@GMAIL.COM,NORTH PALM BEACH,FL,900 NORTHLAKE,33408,1,LOW
LALAS BURGERS AND FRIES,305-613-9111,305-613-9111; 786-302-9693,,MIAMI,FL,7360 SW 41ST,33155,1,LOW
218 NSB LLC,720-234-5694,720-234-5694,FILINGS@API.LAW,NEW SMYRNA BEACH,FL,431 CANAL STREET UNIT B,32168,1,LOW
SABOR VENEZOLANO ORLANDO CORP,786-301-2851,786-301-2851,GREG@GREGORYCREVECOEUR.COM,ORLANDO,FL,2132 WHISPER LAKES BLVD,32837,1,LOW
ATLAS DOCK SWFL LLC,239-350-8684,239-350-8684,ATLASSDOCKSWFL@GMAIL.COM,NAPLES,FL,5270 TREETOPS DRIVE,34113,1,LOW
GENERAL HORSEPLAY,305-849-0930,305-849-0930,kevin@zuelchaccounting.com,KEY WEST,FL,423 CAROLINE STREET,33040,1,LOW
KOI CAFE LLC,407-534-3960,407-534-3960,Linda@koicafefla.com,VENICE,FL,806 PINEBROOK RD,34285,1,LOW
NV EATS ENTERPRISE LLC,843-424-3661,843-424-3661,info@actaxaccounting.com,FT MYERS,FL,13903 HUNTER OAK DR,33913,1,LOW
THE GETAWAY TAMPA BAY LLC,813-267-1602,813-267-1602,scotttashkin@gmail.com,SAINT PETERSBURG,FL,13090 GANDY BLVD,33710,1,LOW
SOUNDSIDE FWB LLC,850-259-3541,850-259-3541,soundsidefwb@gmail.com,FORT WALTON BEACH,FL,189 BROOKS STREET SE,32548,1,LOW
PAPA BRAZI LLC,239-223-5192,239-223-5192,papabrazifood@gmail.com,FORT MYERS,FL,3351 FOWLER ST,33901,1,LOW
"THE BUTCHER AND THE BAR, LLC",561-374-2750,561-374-2750,info@butcherandbar.com,BOYNTON BEACH,FL,510 E OCEAN AVE #101,33435,1,LOW
CHIA CHI LLC,561-597-3216,561-597-3216,confirmation@ivy-cpa.com,MIRAMAR,FL,6330 MIRAMAR PKWY,33023,1,LOW
VIBRAS HEALTHY SPOT INC,786-818-4673,786-818-4673,mcarrigan31@yahoo.com,DORAL,FL,7835 NORTHWEST 107TH AVENUE,33178,1,LOW
RP PALM BEACH LLC,561-296-7699,561-296-7699,jason@jasonhamilton.ink,WEST PALM BEACH,FL,309 CLEMATIS ST,33401,1,LOW
TACO TUESDAYS TAQUERIA LLC,561-330-4912,561-330-4912,ashley@ptsfla.com,PALM BEACH GARDENS,FL,2 DUNBAR RD,33418,1,LOW
NEW YORK BAKERY BOYS OVIEDO,347-738-3877,347-738-3877,bbnyoviedo@gmail.com,OVIEDO,FL,2960 W STATE ROAD 426,32765,1,LOW
PIZZA HEAVEN INC,863-763-9299,863-763-9299; 954-612-2214,Pizzaheavenaka@gmail.com,OKEECHOBEE,FL,208 S PARROTT AVE,34974,1,LOW
MOE GRILLING LLC,561-890-4141,561-890-4141,MOESGRILL2024@GMAIL.COM,RIVIERA BEACH,FL,1665 MARTIN LUTHER KING JR. BOULEVARD,33404,1,LOW
DOWNTOWN CELLARS LLC,954-661-8582,954-661-8582,,FORT PIERCE,FL,121 MELODY LANE,34950,1,LOW
ZJF BRANDS 2 LLC,727-754-4727,727-754-4727,Karen@tfg.ventures,DUNEDIN,FL,487 MAIN STREET,34698,1,LOW
CANTINA MEXICAN GRILL & BAR,850-264-5525,850-264-5525,yecid1317@gmail.com,TAMPA,FL,10032 CROSS CREEK BOULEVARD,33647,1,LOW
MARCS CUISINE,954-990-4360,954-990-4360,,OAKLAND PARK,FL,1201 NE 38TH STREET STE A-1B,33334,1,LOW
27WYNF&D LLC,786-979-3056,786-979-3056,chefejecutivobenitojuarez@gmail.com,MIAMI,FL,295 NW 27TH ST,33127-4121,1,LOW
HISPANIC BUSINESS LLC,786-816-6246,786-816-6246,apatino@creaticmiami.com,MIAMI,FL,8620 NW 70 STREET,33166,1,LOW
ENSENADA MIAMI LLC,646-436-9138,646-436-9138,david@grandand.co,MIAMI,FL,7301 BISCAYNE BOULEVARD,33138,1,LOW
WORLD FAMOUS NUNUS SWEET SOULFOOD 23 LLC,772-828-3144,772-828-3144,leviedixon2345@gmail.com,FORT PIERCE,FL,3210 ORANGE AVE,34947,1,LOW
TWO SISTERS AND A DEVILED CRAB,904-536-5943,904-536-5943,info@2sistersjax.com,ORANGE PARK,FL,3973 ARBOR MILL CIRCLE,32065,1,LOW
CLANCYS CANTINA INC,386-314-6313,386-314-6313,,NEW SMYRNA BEACH,FL,301 FLAGLER AVE,32169,1,LOW
EUPHORIA BAR AND GRILL LLC,305-494-5589,305-494-5589,EUPHORIADAYTONABEACH@GMAIL.COM,DAYTONA BEACH,FL,1130 SOUTH RIDGEWOOD AVENUE,32114,1,LOW
LA PETITE CUISINE MIAMI LLC,786-247-1381,786-247-1381,Lapetitecuisinemiami@gmail.com,MIAMI BEACH,FL,1540 MERIDIAN AVE APT 2H,33139,1,LOW
KOREA TOWN FOOD LLC,954-579-4525,954-579-4525,KOREATOWNFOOD@GMAIL.COM,PLANTATION,FL,8000 WEST BROWARD BOULEVARD FC02 (K-TOWN),33388,1,LOW
AL BARRIL FL LLC,407-624-6291,407-624-6291,alexander.bustos@bandjprojects.com,WINDERMERE,FL,7406 BENTONSHIRE AVE,34786,1,LOW
OVERRICE LLC,386-416-9030,386-416-9030,,ORLANDO,FL,1037 HERMAN AVE,32803,1,LOW
LEMONI CAFE,305-571-5090,305-571-5090,sandifurstein@yahoo.com,MIAMI,FL,4600 NE 2 AVE SUITE 8,33137,1,LOW
BROTHER FOX SISTER HEN LLC,615-414-9626,615-414-9626,John@CookedBooksTN.com,PENSACOLA,FL,415 N ALCANIZ ST.,32501,1,LOW
305 GRILL LLC,305-479-9881,305-479-9881,chefnorrie@gmail.com,PANAMA CITY BEACH,FL,842 PELICAN PLACE,32407,1,LOW
MERKADO 31 CORP,305-494-8308,305-494-8308,KEYLIME@TAMPABAY.RR.COM,NORTH MIAMI BEACH,FL,1127 NORTHEAST 163RD STREET,33162,1,LOW
TEQUIZTLAN MEXICAN RESTAURANT AND TEQUILA BAR LLC,305-397-8442,305-397-8442,jortiz@tequiztlan.com,MIAMI BEACH,FL,1884 BAY RD,33139,1,LOW
KIM-CHI GRILL LLC,305-215-5247,305-215-5247,Reelfishin24@gmail.com,BONITA SPRINGS,FL,11180 SAN SEBASTIAN LN,34135-5307,1,LOW
KUBA CABANA BAYSIDE LLC,201-452-9559,201-452-9559,DGARRETSON@GARRETSONGRP.COM,MIAMI,FL,401 BISCAYNE BLVD #1085,33132,1,LOW
PIEHOLE WOOD FIRED PIZZA LLC,440-541-6844,440-541-6844,mwholdings.florida@gmail.com,PORT ST LUCIE,FL,7240 SOUTH US HIGHWAY 1,34952,1,LOW
CRAFT LITTLE HAVANA LLC,786-564-5873,786-564-5873,federico@bluemaxp.com,MIAMI,FL,2100 SW 8TH ST,33135,1,LOW
MARIOS FAMILY RESTAURANT INC,305-224-3648,305-224-3648; 305-247-2470,mwb_miami@yahoo.com,HOMESTEAD,FL,1090 N HOMESTEAD BLVD,33030,1,LOW
BYTE AND COFFEE LLC,954-218-7559,954-218-7559,catherine@bytencoffee.com,LIGHTHOUSE POINT,FL,2729 NE 30TH AVE,33064-8228,1,LOW
THE BRIDGES CAFE LLC,561-404-9255,561-404-9255,gotdrinks@gmail.com,DELRAY BEACH,FL,16701 CABERNET DRIVE,33446,1,LOW
TASTY LEMON LLC,407-496-8052,407-496-8052,luisprezfl@gmail.com,KISSIMMEE,FL,3831 WEST VINE STREET STE 52,34741,1,LOW
SUNNYSIDE CAFE INC,941-359-9500,941-359-9500; 321-482-1880,SBRAZELL89@GMAIL.COM,MELBOURNE BEACH,FL,300 OCEAN AVENUE SUITE 11,32951,1,LOW
EL EMPANADAZO INC,561-503-1640,561-503-1640,GOYO.PEREZ2012@GMAIL.COM,GREENACRES,FL,3613 SOUTH MILITARY TRAIL,33463,1,LOW
LA ROMANITA RESTAURANT AND LOUNGE,305-305-5648,305-305-5648,LENAPROCESSINGSERVICES@GMAIL.COM,MIRAMAR,FL,3026 SW 68 AVE,33023,1,LOW
FOOD RESTAURANT GROUP LLC,941-266-0300,941-266-0300,justinrbay614@gmail.com,SARASOTA,FL,4519 NORTHGATE CT,34234,1,LOW
CASA MASA TOGO LLC,516-308-8572,516-308-8572,robsclosing@gmail.com,SARASOTA,FL,2773 BEE RIDGE RD,34239,1,LOW
GYROS2GO LLC,862-222-5478,862-222-5478,info@gyros2go.com,SAN CARLOS PARK,FL,9160 CYPRESS DRIVE SOUTH,33967,1,LOW
ENTERTAINMENT WORLDWIDE LLC,407-732-4316,407-732-4316,rkennerney@gmail.com,SANFORD,FL,418 SANFORD AVENUE,32771,1,LOW
BAGEL BOYZ INC.,561-346-7985,561-346-7985,obrien22051@aol.com,PALM BEACH GARDENS,FL,15730 84TH AVENUE NORTH,33410,1,LOW
JAYS STEAKHOUSE FTL LLC,305-789-2766,305-789-2766,JAY@YESFBM.COM,BOCA RATON,FL,6600 WEST ROGERS CIRCLE,33487,1,LOW
ASANI RESTAURANT GROUP 2 LLC,727-289-4198,727-289-4198,buttermilkeat2@gmail.com,PINELLAS PARK,FL,7054 US HIGHWAY 19 NORTH,33781,1,LOW
THE LICKING EXPRESS FOOD COURT,786-409-0625,786-409-0625,,OPA LOCKA,FL,3699 NW 135 STREET,33054,1,LOW
KEKOON RESTAURANT & LOUNGE LLC,954-456-3283,954-456-3283,hans.mullings@gmail.com,DAVIE,FL,15531 SHERIDAN ST,33331,1,LOW
EL PRIMO RED TACOS LLC,786-417-9083,786-417-9083,FLAGLER@ELPRIMOREDTACOS.COM,MIAMI,FL,179 E FLAGLER STREET,33131,1,LOW
"LEONAS CUCINA, LLC",619-947-1409,619-947-1409,,JACKSONVILLE,FL,10550 OLD ST AUGUSTINE RD SUITE 6,32257,1,LOW
THREEFOLD CAFE LLC,917-371-4454,917-371-4454,,CORAL GABLES,FL,141 GIRALDA AVENUE,33134,1,LOW
MARCA MIDTOWN LLC,305-528-0943,305-528-0943,marceloferreiros@gmail.com,MIAMI,FL,3250 BUENA VISTA BOULEVARD SUITE 124,33137,1,LOW
VINCENZO CUCINA LLC,908-625-2918,908-625-2918,,PONTE VEDRA BEACH,FL,3787 PALM VALLEY RD,32259,1,LOW
RIVALES TAQUERIA & CRAFT BAR LLC,561-309-2208,561-309-2208,avald84@yahoo.com,WEST PALM BEACH,FL,"106 N OLIVE AVE,",33401,1,LOW
DONA JUANA GUATEMALAN RESTAURANT INC,239-600-5263,239-600-5263,EDDY8709@GMAIL.COM,LEHIGH ACRES,FL,4315 12TH STREET WEST,33971,1,LOW
MILAGRO RESTAURANT AND BAR LLC,305-393-0717,305-393-0717; 352-989-7291,magdalena.montoya@milagrorestaurant.net,SUGARLOAF,FL,91 FRAZIER LANE,33042,1,LOW
SENOR LECHON Y MAS,407-948-0822,407-948-0822,rvedd4@aol.com,WEST PALM BEACH,FL,4576 CRESTHAVEN BLVD.,33415,1,LOW
MOSHI MOSHI PALM GROVE LLC,786-352-6997,786-352-6997,toshi@moshimoshi.fun,MIAMI,FL,7232 BISCAYNE BLVD,33138,1,LOW
LA PISTOLA LLC,850-329-6591,850-329-6591,LINKTALLAHASSEE@GMAIL.COM,TALLAHASSEE,FL,1303 THOMASVILLE RD,32303,1,LOW
QUORE GELATO LLC,786-556-0849,786-556-0849,kwon.lee@quoregelato.com,MIAMI,FL,5700 BISCAYNE BOULEVARD,33137,1,LOW
THE BUTT HUTT SMOKEHOUSE,904-482-7512,904-482-7512,selmahidic@aol.com,JACKSONVILLE,FL,3210 ROOSEVELT BOULEVARD,32205,1,LOW
HAVANA NIGHT BAR AND GRILL,407-627-5699,407-627-5699,faribabyhardt64@yahoo.com,PANAMA CITY,FL,2920 THOMAS DR,32408,1,LOW
VBP 215 LLC,720-234-5694,720-234-5694,RENEWALS@API.LAW,NEW SMYRNA BEACH,FL,532 NATURE CREEK LN,32168,1,LOW
THE CRAFTED DESSERT CO,352-606-9223,352-606-9223,,SPRING HILL,FL,120 COMMERCIAL WAY,34606,1,LOW
MAZAL ORLANDO ENTERPRISE LLC,786-920-1976,786-920-1976,Mazalorlando@gmail.com,ORLANDO,FL,"4434 HOFFNER AVENUE, SUITE 1",32812,1,LOW
KASE CUISINE LLC,458-219-1715,458-219-1715,KASELLC1519@GMAIL.COM,FORT LAUDERDALE,FL,1519 NE 4TH AVE,33304,1,LOW
PATRIZIA NYC LLC,646-853-1227,646-853-1227,info@patriziasfortlauderdale.com,FORT LAUDERDALE,FL,3300 NE 32ND ST,33308,1,LOW
DAILY NEWS RESTAURANT LLC,727-204-3324,727-204-3324,samira230472@gmail.com,CLEARWATER,FL,1575 S FORT HARRISON AVE,33756,1,LOW
CORVO BIANCO LLC,914-733-2475,914-733-2475,dena@corvobianco.pizza,DUNEDIN,FL,901 CURLEW ROAD,34698,1,LOW
HOWLEYS RESTAURANT INC,561-310-5713,561-310-5713,accounting@subculturegroup.com,WEST PALM BEACH,FL,4700 S DIXIE HWY,33405,1,LOW
"REMY'S CAFE, LLC",727-400-4043,727-400-4043,contactus@remyscafe.com,CLEARWATER,FL,1565 S HIGHLAND AVE,33756-2386,1,LOW
SOKAI SUSHI BAR DOWNTOWN LLC,786-660-6554,786-660-6554,oriana@sokaisushi.com,MIAMI,FL,10141 W FLAGLER ST,33174,1,LOW
MORNING GLORY EATERY LLC,321-480-6757,321-480-6757,pappagallos@cfl.rr.com,SATELLITE BEACH,FL,1753 HIGHWAY A1A,32937,1,LOW
"MICKEY BURKES, LLC",954-830-3545,954-830-3545,brian@mickeyburkes.com,MIAMI BEACH,FL,1265 WASHINGTON AVENUE,33139,1,LOW
SHAHS OF KABOB LLC,786-376-2711,786-376-2711; 786-367-2711; 786-365-8953,acct@shahsofkabob.org,SOUTH MIAMI,FL,5975 SUNSET DRIVE UNIT 109,33143,1,LOW
NSB GRILLE,386-576-6646,386-576-6646,nsbgrille@gmail.com,NEW SMYRNA BEACH,FL,1000 WAYNE AVE,32168,1,LOW
FONDA LA CHISMOSA LLC,786-953-0621,786-953-0621,info@lnaccountingsvc.com,MIAMI,FL,981 SW 8TH ST,33130,1,LOW
ROOKIES CANTINA LLC,321-439-7671,321-439-7671,jesush@rookiescantina.com,LONGWOOD,FL,140 SOUTH HIGHWAY 17-92,32750,1,LOW
"LIL GREENHOUSE GRILL, LLC",786-506-5796,786-506-5796,lilgreenhousegrill@gmail.com,MIAMI,FL,1300 NW 3RD AVE,33136,1,LOW
FAST AND BEAUTIFUL LLC,786-337-0865,786-337-0865,VIRTUS@FASTERINDIO.COM,FORT LAUDERDALE,FL,1340 SOUTHWEST 35TH AVENUE APARTMENT A1,33312,1,LOW
SIMMONS SOUL FOOD & BBQ LLC,813-507-5401,813-507-5401,simmonssoulfoodbbq@gmail.com,SPRING HILL,FL,11497 EHENWALD DR,34613,1,LOW
ANTOJITOS LA PATRONA LLC,352-626-2258,352-626-2258,antojitoslapatrona@yahoo.com,PENSACOLA,FL,8710 PENSACOLA BLVD,32534,1,LOW
ARTISTAS RESTAURANT INC.,786-385-9860,786-385-9860,ARIMIRSERVICES@GMAIL.COM,HIALEATH GARDENS,FL,9550 NW 79TH AVE STE 3,33016,1,LOW
"ADVENTIST HEALTH SYSTEM/SUNBELT, INC.",407-646-7700,407-646-7700,corp.legal@adventhealth.com,WINTER PARK,FL,111 NORTH ORLANDO AVENUE,32789,1,LOW
ZIPPOPS GOURMET PALETAS LLC,787-370-9056,787-370-9056,zippopspaletas@gmail.com,KISSIMMEE,FL,4410 HAMLET CT,34746,1,LOW
"POINTE GRAND DAYTONA, LLC",386-280-7102,386-280-7102,dhaynes@hillpointe.com,WINTER PARK,FL,"631 W. MORSE BLVD., STE 200",32789,1,LOW
EZ EATS LLC,724-498-7777,724-498-7777; 321-830-6866,Eliezeats@gmail.com,KISSIMMEE,FL,2658 PATRICIAN CIR,34746,1,LOW
LATIN CORAL WAY LLC,305-860-5707,305-860-5707,consultantfr305@gmail.com,MIAMI,FL,1590 SW 22ND ST,33145,1,LOW
"OAK STONE, LLC",407-267-3513,407-267-3513,bgrandison@bergersingerman.com,TAMPA,FL,"2502 N. ROCKY POINT DRIVE, SUITE 1050",33607,1,LOW
NEWMAN DAVID,303-220-0183,303-220-0183,,BOCA RATON,FL,1708 NORTHWAY CIRCLE,33496,1,LOW
PGA EATERY LLC,954-553-1877,954-553-1877,mreiss@rjdcorps.com,PALM BEACH GARDENS,FL,2460 PGA BOULEVARD,33410,1,LOW
NEGRONI BRICKELL LLC,786-351-8997,786-351-8997,dvalvarez.associatesmobile@gmail.com,DORAL,FL,6462 NORTHWEST 103RD PASSAGE,33178,1,LOW
A&M HEALTHY KITCHEN TO GO LLC,954-695-1816,954-695-1816,,PARK,FL,3472 NE 5TH AVE,33334,1,LOW
TG CATCH LLC,813-782-7770,813-782-7770,DAVIDRINGRAM@GMAIL.COM,ZEPHYRHILLS,FL,5039 FIRST STREET,33542,1,LOW
GLEM ENTERPRISES LLC,214-402-4844,214-402-4844,RLSOS@PARASEC.COM,BRADENTON,FL,7839 STATE ROAD 64 E,34212,1,LOW
CANOPY ROAD CAFE 4 LLC,407-967-1149,407-967-1149; 850-273-1111,draneymd@aol.com,TAMPA,FL,10254 CAUSEWAY BLVD,33619,1,LOW
CON HAMBRE RESTAURANT &  BAR INC,954-709-5847,954-709-5847,compliance@zenbusiness.com,HOLLYWOOD,FL,5939 HOLLYWOOD BLVD,33021,1,LOW
EL RANCHO DE SARASOTA INC,941-400-7110,941-400-7110,MIKEHRA@ICLOUD.COM,SARASOTA,FL,3572 17TH STREET,34235,1,LOW
MR PEPITO INC,813-419-9381,813-419-9381,DRUABBOTT@GMAIL.COM,TAMPA,FL,4105 N FLORIDA AVE,33603,1,LOW
PEACHY PIES FRESH MARKET & CAFE CO,352-737-0570,352-737-0570,,BROOKSVILLE,FL,17002 AYERS ROAD,34604,1,LOW
VILLA D ROSE CORP,786-216-8001,786-216-8001,Imperialproductsllc@gmail.com,WEST MIAMI,FL,6269 SW 8TH ST,33144,1,LOW
TASTY G SPOT LLC,305-389-4059,305-389-4059; 305-390-7479,incorporations@taxleaf.com,HALLANDALE BEACH,FL,3140 W PEMBROKE RD STE 541,33009,1,LOW
LA ROTONDA SUPERMAKET,813-925-9132,813-925-9132,deleonjunior@aol.com,LIVE OAK,FL,801 IRVIN AVE SW,32064,1,LOW
YARDBIRDS OF NW FLORIDA,850-226-4626,850-226-4626,,FT WALTON BEACH,FL,540 MARY ESTHER CUTOFF,32548,1,LOW
OFF THA BONE BBQ LLC,561-480-6137,561-480-6137,offthabone561@gmail.com,"WEST PALM BEACH,",FL,1516 N. TAMARIND AVE,33401,1,LOW
ISLAND GRILL 184,786-740-0749,786-740-0749,EASTERN@REGISTEREDAGENTSINC.COM,PALMETTO BAY,FL,9845 SOUTHWEST 184TH STREET,33157,1,LOW
I LOVE ORLANDO CAFE LLC,321-358-7930,321-358-7930,ILOVEORLANDOCAFE@GMAIL.COM,ORLANDO,FL,151 E WASHINGTON ST,32801,1,LOW
CINNAMON TREE CAFE,386-341-2205,386-341-2205,kodybologna@gmail.com,PORT ORANGE,FL,1665 DUNLAWTON AVE,32127,1,LOW
BOUNXOU THAI LLC,727-743-5593,727-743-5593,Directtaxservice@bellsouth.net,JACKSONVILLE,FL,9825 SAN JOSE BLVD ST28,32257,1,LOW
TACOS AL CARBON ROYAL PALM BEACH INC,561-718-0169,561-718-0169,knotturno@harpdevelopment.com,"WEST PALM BEACH,",FL,10385 SOUTHERN BOULEVARD,33411,1,LOW
CHURRASCARIA RIO GRANDE LLC,305-439-2196,305-439-2196,riograndehialeah@gmail.com,HIALEAH,FL,1255 W 46TH ST STE 27,33012,1,LOW
DONDE WILKING LATIN FOOD INC,929-544-6265,929-544-6265,Soaringeagleslogistics@gmail.com,DUNDEE,FL,915 DUNDEE ROAD,33838,1,LOW
NOWHERE GRILLE LLC,904-891-3347,904-891-3347,monica@plantationbookkeeping.com,PERRY,FL,13950 BEACH RD,32348,1,LOW
KOOK'N WITH KIM LLC,407-683-0815,407-683-0815,Kooknwithkim@gmail.com,ORLANDO,FL,307 WEST KENNEDY BOULEVARD,32810,1,LOW
MI CARRETA RESTAURANT  AND BAKERY INC,813-333-4156,813-333-4156,,ST PETERSBURG,FL,2705 54TH AVENUE NORTH,33714,1,LOW
"BAR B QUE RIBS, CHICKEN & JERK SHACK LLC",786-278-1167,786-278-1167,carldecruise@gmail.com,MIAMI SHORES,FL,12101 NW 27TH AVE,33167,1,LOW
THAI TO THE MOON,850-848-7262,850-848-7262,,ORANGE PARK,FL,10 BLANDING BLVD,32073,1,LOW
ANTOJITOS NAVIDENOS LLC,863-738-8666,863-738-8666,RDACCOUNTING@RDASM.COM,LAKELAND,FL,635 ROBIN RD,33803,1,LOW
FARM VIBES INC,954-583-2441,954-583-2441,FULFILLMENT@ZENBUSINESS.COM,BOYNTON BEACH,FL,9370 87TH PLACE SOUTH,33472,1,LOW
YARDBIRDS OF NW FLORIDA LLC,850-226-4626,850-226-4626,,FT WALTON BEACH,FL,540 MARY ESTHER CUTOFF,32548,1,LOW
LA VIE BELLE LLC,786-790-7546,786-790-7546,Laviebellemiami@gmail.com,MIAMI BEACH,FL,1201 20TH STREET,33139,1,LOW
"LA LEONESA FRITANGA 2, I",786-227-1137,786-227-1137,ianthomasforbes@gmail.com,MIAMI,FL,2361 NORTHWEST 7TH STREE,33125,1,LOW
LA ESTACION COLOMBIANA INC,321-442-3796,321-442-3796,mizq.ch@gmail.com,KISSIMMEE,FL,506 EAST VINE STREET,34744,1,LOW
PABELLON FOOD TRAILER INC,407-591-0290,407-591-0290,dwilling@verizon.net,TAMPA,FL,9743 W HILLSBOROUGH AVE,33615,1,LOW
KINGS POINT ICE CREAM & BURGER,321-695-3194,321-695-3194,,ORLANDO,FL,7231 INTERNATIONAL DR,32819,1,LOW
PIZZA PAZZA INC,386-492-7831,386-492-7831,SMBAHOLDINGS@GMAIL.COM,MIAMI,FL,275 NE 18TH ST  STE 109,33132,1,LOW
KING EXPRESS INC,407-854-7899,407-854-7899,Vitha2406@gmail.com,ORLANDO,FL,2225 WEST OAK RIDGE ROAD,32809,1,LOW
SUAREZ BBQ INC,305-318-7871,305-318-7871,kiryn@houchinconstruction.com,HIALEAH,FL,12963 W OKEECHOBEE RD STE 6,33018,1,LOW
INDIAN SPICE LLC,305-367-1943,305-367-1943,PERSISTALLY2019@GMAIL.COM,PANAMA CITY,FL,1818 WEST 23RD STREET,32405-2933,1,LOW
A LO CUBANISIMO FOOD TRUCK LLC,813-599-7745,813-599-7745; 407-591-0290,orestesrp1993@yahoo.com,TAMPA,FL,5604 NORTH HESPERIDES ST,33614,1,LOW
BILLY JOE'S CONCH QUEEN,305-896-4377,305-896-4377,,PEMBROKE PARK,FL,3936 PEMBROKE RD,33021,1,LOW
TACOS 19 LLC,786-326-4413,786-326-4413,asielfer89@gmail.com,MIAMI,FL,1325 SW 70TH AVE,33144,1,LOW
"ASIAN FIN, INC",561-716-6057,561-716-6057,tokyonsx@comcast.net,RIVIERA BEACH,FL,4650 DONALD ROSS ROAD,33418,1,LOW
MEGS FLORIDA INC,904-619-0383,904-619-0383,,JACKSONVILLE,FL,751 STOCKTON ST,32204,1,LOW
LA VACA LOCA CHURRASCARIA LLC,305-354-6919,305-354-6919,SKYPERMITSERVICES@GMAIL.COM,HOMESTEAD,FL,12335 SW 248TH ST,33032,1,LOW
MEXAS TACOS LLC,407-484-6374,407-484-6374,business@expertaxfinancial.com,ORLANDO,FL,8788 VINELAND AVE,32821,1,LOW
BURGER TRAP CORP,305-331-8762,305-331-8762,Karinafernandini@outlook.com,HOMESTEAD,FL,1057 SE 23RD TERR,33035,1,LOW
CARNE EN VARA EXPRESS FOOD TRUCK CORP,305-457-4288,305-457-4288,rpsmith.sbm@aol.com,MEDLEY,FL,7300 NW 84TH AVE,33166,1,LOW
LA CUBANA MEXICANA LLC,772-240-8405,772-240-8405,LACUBANAMEXICANA@GMAIL.COM,LIGHTHOUSE POINT,FL,5022 N FEDERAL HIGHWAY,33064,1,LOW
INVERSIONES JC LATIN LLC,727-296-7080,727-296-7080,JURBETHMARTINEZ@GMAIL.COM,BRANDON,FL,109 NORTH KINGS AVE,33511,1,LOW
FEM FOOD GROUP LLC,813-324-0711,813-324-0711,fuatsenwpb@gmail.com,WINTER HAVEN,FL,1151 HAVENDALE BLVD NW,33881,1,LOW
CINNAMON TREE CAFE LLC,386-341-2205,386-341-2205,kodybologna@gmail.com,PORT ORANGE,FL,1665 DUNLAWTON AVE,32127,1,LOW
ENAS SECRET BAKE CORP,813-452-7662,813-452-7662,TASUKI_86@YAHOO.COM,HIALEAH,FL,104 HIALEAH DR,33010,1,LOW
FUJI SUSHI INCORPORATED,407-474-2454,407-474-2454; 904-887-8884,FIRSTRESPONDERRX@GMAIL.COM,ALAFAYA,FL,504 N ALAFAYA TRL STE117,32828,1,LOW
RIKO  POLLO LLC,786-212-0554,786-212-0554,infoabctaxusa@gmail.com,HAINES CITY,FL,504 HIGHWAY 17,33844,1,LOW
BISTROLOGY LLC,850-571-2977,850-571-2977,bistrology98@gmail.com,MIRAMAR BEACH,FL,10004 US HIGHWAY 98 W,32550,1,LOW
TERRA MAR BRAZILIAN STEAKHOUSE INC,727-525-1100,727-525-1100,ZGLASSER@BJA-LAW.COM,PINELLAS PARK,FL,6715 49TH ST N,33781,1,LOW
DAIQUIRI DECK RAW BAR BR,941-346-1664,941-346-1664,,BRADENTON BEACH,FL,107 B BRIDGE STREET,34217,1,LOW
CALI BURGER LLC,727-289-7133,727-289-7133,EMES@TAMPABAY.RR.COM,TAMPA,FL,8320 W HILLSBOROUGH AVE,33615,1,LOW
"MOORE, ELLISON & MCDUFFIE, C.P.A.'S, P.A.",850-877-3149,850-877-3149,keith@memcpas.com,TALLAHASSEE,FL,2627 MITCHAM DRIVE,32308-0000,1,LOW
LAN XANG LAO THAI VIETNAMESE DIM SUM,239-398-2962,239-398-2962,lavinahanlotxomphou@gmail.com,CAPE CORAL,FL,2302 SE 15TH ST,33990,1,LOW
"305 CONCEPTS BAYSIDE, LLC",305-505-6474,305-505-6474,ap@coyotaco.com,MIAMI,FL,"401 BISCAYNE BLVD., SUITE 1320",33132,1,LOW
"FIDDLER'S CREEK FOUNDATION, INC.",239-732-9400,239-732-9400,STATE@FLORIDABUSINESSFILINGS.COM,NAPLES,FL,8156 FIDDLER'S CREEK PKWY,34114,1,LOW
EAT MY WAY MIAMI LLC,786-302-0868,786-302-0868,eatmywaymiami@gmail.com,NORTH MIAMI,FL,12143 NW 7TH AVE,33168,1,LOW
TYLER FAMILY RESTAURANT LLC,786-539-9552,786-539-9552,mog87.jl@gmail.com,NORTH MIAMI,FL,12302 NW 7TH AVENUE,33168,1,LOW
BAYONET DONUTS LLC,407-408-6130,407-408-6130,KHERNANDEZ@WIGGIN.COM,NAPLES,FL,3400 TAMIAMI TRAIL E,34112,1,LOW
708 NW 4TH AVE LLC,786-360-9206,786-360-9206,gov@propertymgmt.co,MIAMI BEACH,FL,3921 ALTON RD. #106,33140,1,LOW
"SOFL DONUTS, LLC",305-766-3723,305-766-3723,tiffany@ehglaw.com,POMPANO BEACH,FL,"4100 N. POWERLINE ROAD, SUITE M-3",33073,1,LOW
"AAA COASTAL MANAGEMENT, LLC",239-314-5691,239-314-5691,Peter@coastalvacationproperties.net,FORT MYERS BEACH,FL,19170 SAN CARLOS BLVD,33931,1,LOW
CHARLOTTE BAKERY & CAFE INC,786-589-1623,786-589-1623,YRODRIGUEZ@DPBCPA.COM,MIAMI,FL,90 NORTHWEST 39TH STREET,33127,1,LOW
FIRE ON THE BAYOU LLC,386-956-1879,386-956-1879,fireonthebayoufl@gmail.com,ORANGE CITY,FL,921 TOWN CENTER DRIVE,32763,1,LOW
"SHUT EM DOWN AUTHENTIC SOUTHERN RESTAURANT, LLC",904-330-8282,904-330-8282; 904-993-1362; 904-333-2991,shutemdownasr@gmail.com,JACKSONVILLE,FL,6315 SAN JUAN AVE,32210,1,LOW
"VENEZIA PIZZA & CAFE, INC.",305-868-2267,305-868-2267,jgpr599@hotmail.com,MIAMI BEACH,FL,6646 COLLINS AVE,33141,1,LOW
"LA' DIFFERANCE BAKERY & TAKEOUT RESTAURANT, LLC",321-945-6416,321-945-6416,Smanetgtl22@gmail.com,ORLANDO,FL,737 APOPKA VINELAND RD,32818,1,LOW
THE NOIA GROUP LLC,786-804-1355,786-804-1355,camila@orange-accounting.com,MIAMI,FL,11713 SW 137TH PATH,33186,1,LOW
"ICE DREAMMM SHOP, LLC",727-967-1277,727-967-1277,Icedreammmshop@gmail.com,LUTZ,FL,23912 STATE RD 54 # 2,33559,1,LOW
HOWLEY REAL ESTATE LLC,813-710-0743,813-710-0743,williamhowley@gmail.com,TAMPA,FL,"4207 SOUTH DALE MABRY HIGHWAY, #10301",33611,1,LOW
JUICE BREWS LLC,786-499-6848,786-499-6848,cgonzalez1082@gmail.com,HOMESTEAD,FL,29220 SW 177TH AVE,33030,1,LOW
"MAKIN' WAVES, LLC",334-406-4603,334-406-4603,makinwaves619@yahoo.com,CLEARWATER,FL,619 S GULFVIEW BLVD,33767,1,LOW
"SS HOTEL MANAGEMENT, LLC",305-538-1700,305-538-1700,EGARCIA@ARTEHOSPITALITY.COM,MIAMI,FL,8200 NW 41ST ST STE 312,33166,1,LOW
"26TH DEGREE BREWING COMPANY, LLC",954-532-6964,954-532-6964,yg@26brewing.com,POMPANO BEACH,FL,2600 E ATLANTIC BLVD,33062,1,LOW
HBNB CORP,240-863-1597,240-863-1597,SMFE2020@GMAIL.COM,MIAMI,FL,5905 SW 28TH ST,33155,1,LOW
"THE BACON BOSS, LLC",949-547-6601,949-547-6601,thebaconbossfoodtruck@gmail.com,WESLEY CHAPEL,FL,27602 SKY LAKE CIR,33544,1,LOW
A&Y PROPERTY MANAGEMENT CORP,786-367-1959,786-367-1959,acg.svc@gmail.com,MIAMI,FL,1200 BRICKELL BAY DR APT 2210,33131,1,LOW
PREFERRED LODGING INCORPORATED,786-797-9450,786-797-9450,yourgenevarealtor@gmail.com,MIRAMAR,FL,7531 SHALIMAR STREET,33023,1,LOW
"MIAMI RESIDENCES MANAGEMENT, LLC",305-747-3886,305-747-3886,info@miamiresidencespm.com,MIAMI BEACH,FL,"927 LINCOLN ROAD, SUITE 200",33139,1,LOW
VILLA PARAISO VACATION RENTALS LLC,786-449-2584,786-449-2584,mlopez0104788@gmail.com,MIAMI,FL,13359 SW 59TH TER,33183,1,LOW
"SOUPA UNIVERSITY, LLC",407-440-4687,407-440-4687,soupaucf@gmail.com,ORLANDO,FL,11325 UNIVERSITY BLVD STE 206A,32817,1,LOW
ELEON CAKES LLC,904-503-1741,904-503-1741,eradashtoyan@gmail.com,JACKSONVILLE,FL,"725 SKYMARKS DR, STE 4",32218,1,LOW
LE BERGER RESTAURANT LLC,561-577-8513,561-577-8513,Lebergerllc@gmail.com,LAKE WORTH,FL,1216 S DIXIE HWY,33460,1,LOW
ASUKAR FOODS CORP,786-418-7334,786-418-7334,EFILE1234@INCFILE.COM,MIAMI,FL,12236 NW 23RD PATH,33126,1,LOW
SARAS FOOD GROUP LLC,561-267-9428,561-267-9428,saraskitchenllc@yahoo.com,ST LUCIE,FL,10156 SW DISCOVERY WAY PORT,34987,1,LOW
"LA CAÑITA KENDALL, LLC",786-380-7209,786-380-7209,rsalvioli@yourbookkeeperus.com,KENDALL,FL,8405 MILLS DR. STE 203,33183,1,LOW
HRB WYNWOOD LLC,305-789-2766,305-789-2766,arnaud@cabinet-nisenbaum.com,MIAMI,FL,127 NW 27TH ST. STE 105,33127,1,LOW
DONOVAN'S STEAKHOUSE LLC,813-374-9513,813-374-9513,john@donovansmeatery.com,RIVERVIEW,FL,11206 SULLIVAN STREET,33578,1,LOW
"PUBBELLY SUSHI, LLC",407-534-6443,407-534-6443; 407-535-6443,joseluis_serrato@grupo2020.mx,MIAMI BEACH,FL,1424 2OTH ST.,33139,1,LOW
"ATA-SANDBAR, INC.",941-460-8280,941-460-8280,YANNRON@OUTLOOK.COM,ENGLEWOOD,FL,1975 BEACH RD.,34223,1,LOW
"CM SPANISH GROUP, LLC",786-695-9831,786-695-9831,agarcia@calamillormiami.com,MIAMI,FL,4000 SW 57TH AVE.,33155,1,LOW
LITTLE HEN LLC,954-626-0855,954-626-0855,EGLEE@ME.COM,MIAMI,FL,3451 NE 1 AVENUE 100,33137,1,LOW
STAGE PGA LLC,407-340-5136,407-340-5136,andy@stagepga.com,PALM BEACH GARDENS,FL,2000 PGA BLVD. #5502,33408,1,LOW
"CAPITAL BROKERS, LLC",954-268-7789,954-268-7789,pdavid@capitalbrokersusa.com,NORTH MIAMI,FL,"1835 NE MIAMI GARDENS DRIVE, UNIT 387",33179,1,LOW
MAYAMERO STREET FOOD LLC,954-661-0714,954-661-0714,favilg@gmail.com,NORTH MIAMI BEACH,FL,18280 WEST DIXIE HWY,33160,1,LOW
RASPADOS Y FRITANGA RINCON LEONES 2 CORP,786-482-3688,786-482-3688,FULFILLMENT@ZENBUSINESS.COM,MIAMI,FL,4353 NW 7TH ST,33126,1,LOW
LOS TARASCOS LLC,813-492-3433,813-492-3433,Veronicadlr6@gmail.com,PLANT CITY,FL,8505 S COUNTY ROAD 39,33567,1,LOW
TIENDA LA HUASTECA INC,727-351-7441,727-351-7441,stephen@pprplaw.com,CLEARWATER,FL,1745 DREW ST,33755,1,LOW
LA REINA DE MEXICO VEMEX LLC,727-475-0572,727-475-0572,sanchezcleaning01@gmail.com,CLEARWATER,FL,1413 CLEVELAND ST,33755,1,LOW
ZOELADY COOKS LLC,786-600-9752,786-600-9752,zoeladycooks@gmail.com,MIAMI,FL,12200 N MIAMI AVE,33168,1,LOW
THE SPOT HOOKAH LOUNGE INC,614-610-5980,614-610-5980,marsha@langfordmyers.com,JACKSONVILLE,FL,12226 BEACH BOULEVARD UNIT 5-7,32246,1,LOW
VOODOO BAYOU LLC,386-222-9668,386-222-9668; 561-723-0059,michael@truegrithospitality.com,PALM BEACH GARDENS,FL,11701 LAKE VICTORIA GARDENS AVE. #5095,33410,1,LOW
PORT RICHEY CORRAL LLC,703-577-3729,703-577-3729,support@ethicalmoneymatters.com,PORT RICHEY,FL,8928 US-19,34668,1,LOW
"MARINA CAFE, INC.",860-305-5178,860-305-5178,GSOCPALLC@GMAIL.COM,DESTIN,FL,404 HARBOR BLVD,32541,1,LOW
FICELLE BAKERY LLC,954-655-3907,954-655-3907,arizk@ficellebakeryusa.com,MIAMI,FL,1440 NW NORTH RIVER DR.,33125,1,LOW
JANIE ANN'S PIZZA INC,941-251-4491,941-251-4491,Fitpro125@gmail.com,BRADENTON,FL,5942 34TH ST,34210,1,LOW
GUIDOS PIZZA TIME INC,561-391-9240,561-391-9240,FULFILLMENT@ZENBUSINESS.COM,BOCA RATON,FL,1001 SW 2ND AVE 7000,33432,1,LOW
ORLANDO VACATION RENTALS SERVICES LLC,863-326-7900,863-326-7900; 863-438-6749,orlandovrs@aol.com,LOUGHMAN,FL,130 RUBINO DRIVE,33858,1,LOW
JAVIER'S MEXICAN GRILL INC,850-638-2270,850-638-2270,jasonchangcpa@gmail.com,CHIPLEY,FL,1414 MAIN STREET SUITE 5,32428,1,LOW
HOMELAB SOLUTIONS LLC,305-924-1043,305-924-1043,YURIBALART@HOTMAIL.COM,MIAMI,FL,4724 SW 135TH PL,33175,1,LOW
SOLO POLLO LLC,305-797-1235,305-797-1235,LRODRIGUEZ2131@GMAIL.COM,MIAMI,FL,7400 SW 42ND ST,33155,1,LOW
WHAT ARE WE CATERING LLC,954-702-7347,954-702-7347,Wawcatering954@gmail.com,MIRAMAR,FL,11271 SW 45TH PL UNIT 109,33025,1,LOW
"AM EDUCATION & SERVICES, INC.",786-382-8244,786-382-8244,PORTRAITDIVAS@GMAIL.COM,MIAMI,FL,9675 NORTHWEST 117TH AVENUE STE 405,33178,1,LOW
61 BISCUITS PALM BEACH GARDENS LLC,978-835-7334,978-835-7334,OLIVER@61-HOLDINGS.COM,PALM BEACH GARDENS,FL,4268 NORTHLAKE BLVD,33410,1,LOW
H2OCEAN SEAFOOD MARKET LLC,954-309-9436,954-309-9436,h2oceanseafood@yahoo.com,FORT LAUDERDALE,FL,5975 N FEDERAL HWY UNITS 103 & 104,33308,1,LOW
61 BISCUITS ROYAL PALM BEACH LLC,978-835-7334,978-835-7334,oliver@61-holdings.com,ROYAL PALM BEACH,FL,10101 SOUTHERN BLVD STE 11,33411,1,LOW
SPB SOCIAL GROUP LLC,516-359-9286,516-359-9286,keith@thetoastedmonkey.com,ST PETERSBURG,FL,678 75TH AVE,33706,1,LOW
"JR JASZ, INC.",904-296-9665,904-296-9665,agriffin@hmfglaw.com,JACKSONVILLE,FL,6767 PHILIPS INDUSTRIAL BLVD,32256,1,LOW
"KINGFISH GRILL, LLC",904-824-2111,904-824-2111,kandrew@rizzetta.com,ST AUGUSTINE,FL,252 YACHT CLUB DR,32084,1,LOW
"RED MESA MERCADO 2, LLC",727-430-4893,727-430-4893,lorrie@redmesagroup.com,ST. PETERSBURG,FL,3691 46TH AVE N,33714,1,LOW
THE TACO CONCEPT 2 LLC,239-850-9451,239-850-9451,oz.lingaros@gmail.com,NAPLES,FL,410 9TH STREET N.,34102,1,LOW
THE TACO CONCEPT LLC,239-850-9451,239-850-9451,oz.lingaros@gmail.com,NAPLES,FL,410 9TH STREET N.,34102,1,LOW
ISLAND VIBEZ JAMAICA RESTAURANT & GRILL INC,407-802-0785,407-802-0785,sharonsteward23@yahoo.com,ORLANDO,FL,5931 OLD WINTER GARDEN RD,32835,1,LOW
"FRANCOLI SERVICES, LLC",786-813-7641,786-813-7641; 783-813-7641,jolivardia@gmail.com,MIAMI,FL,13304 SOUTHWEST 102ND AVENUE,33176,1,LOW
"INTERNATIONAL CORNER CAFE , LLC",407-692-1000,407-692-1000,jconde66@yahoo.com,KISSIMMEE,FL,5820 W. IRLO BRONSON MEMORIAL HWY.,34746,1,LOW
RISE ABOVE ELEVATOR LLC,772-201-7892,772-201-7892,kw@riseaboveelevator.com,PORT SAINT LUCIE,FL,460 NW CONCOURSE PL UNIT 4,34986,1,LOW
STRAWBERRY BAKERY CAFE INC,903-922-9261,903-922-9261,david@gocoastalpools.com,DOVER,FL,12904 GORE RD,33527,1,LOW
"GATEWAY DONUTS, LLC",978-273-7155,978-273-7155,jgordon@sgordoncorp.com,BOYNTON BEACH,FL,1020 GATEWAY BOULEVARD,33426,1,LOW
"CONGRESS COFFEE, LLC",978-273-7155,978-273-7155,jgordon@sgordoncorp.com,BOYNTON BEACH,FL,300 S CONGRESS AVENEUE STE 100,33426,1,LOW
CHARLOTTE HARBOR YACHT CLUB INC,941-629-5131,941-629-5131,manager@charlotteharboryc.com,PORT CHARLOTTE,FL,4400 LISTER 33952,33952,1,LOW
"OFF THE HOOK BAR AND GRILL, LLC",850-625-2295,850-625-2295,bkmurdockpcb@yahoo.com,PANAMA CITY,FL,3709 LONG JOHN DR,32408,1,LOW
1 MSF LLC,941-253-5699,941-253-5699,Brent.schad@milkshakefactory.com,BRADENTON,FL,7230 MANATEE AVE W,34209,1,LOW
ISLAND BLUE ENTERPRISE LLC,954-681-0330,954-681-0330,selenagibson876@gmail.com,NORTH MIAMI,FL,1401 NW 119TH ST UNIT 6,33167,1,LOW
BAYPORT PARTNERS LLC,203-216-3898,203-216-3898,john.petro@milkshakefactory.com,PANAMA CITY BEACH,FL,11160 PANAMA CITY BEACH PKWY SUITE 405,32407,1,LOW
"BLISSFUL DELIGHTS, LLC",407-361-0599,407-361-0599,mmaingi@gmail.com,HAINES CITY,FL,4132 JOHNSON AVE,33844,1,LOW
HONY & BERLY LLC,413-627-3460,413-627-3460,cravensbfl@gmail.com,NEW SMYRNA BEACH,FL,3155 STATE ROAD 44,32168,1,LOW
116 GRILL DISTRICT LLC,813-733-1818,813-733-1818,ramygeorgy@hotmail.com,PARRISH,FL,"8980 US HIGHWAY 301 N, UNIT #118",34219,1,LOW
"SJ BBQ CHICKEN 1, INC.",727-452-3284,727-452-3284,ERIKAMULTISERVICES@HOTMAIL.COM,WINTER GARDEN,FL,15502 STONEYBROOK WEST PARKWAY #120,34787,1,LOW
KINGDOM P1 CORPORATION,813-629-0332,813-629-0332,FILINGS@SWYFTFILINGS.COM,TALLAHASSEE,FL,1660 W TENNESSEE ST SUITE 3,32304,1,LOW
J&T SWEETS LLC,646-208-0024,646-208-0024,DAVE@REPTAXPRO.COM,DELRAY BEACH,FL,14851 LYONS RD STE 118,33446,1,LOW
"PASSIDE FOODS, INC.",954-662-2070,954-662-2070,RECTIFICADORAROAFL@GMAIL.COM,COCONUT CREEK,FL,"6500 NORTH STATE ROAD 7, SUITE 7",33073,1,LOW
"SUPER SUBS ETC., INC.",305-665-0990,305-665-0990,eh@hortasassociates.com,MIAMI,FL,6380 BIRD RD #4826,33155,1,LOW
LAKE OK LANDING LLC,224-251-8788,224-251-8788,SAMANTHA@hancapitalgroup.com,LINCOLONWOOD,IL,7300 N CICERO STE 201,60712,1,LOW
GOLF BREVARD INC.,321-952-4529,321-952-4529,ksantos9980@gmail.com,MELBOURNE BEACH,FL,2374 OAK ST,32951,1,LOW
"BEAR LAKES COUNTRY CLUB, INC.",561-478-0001,561-478-0001,cfo@bearlakes.org,WEST PALM BEACH,FL,1901 VILLAGE BLVD,33409,1,LOW
HYDE PARK GOLF & COUNTRY CLUB INC,904-786-5410,904-786-5410,play@hydepark.golf,JACKSONVILLE,FL,6439 HYDE GROVE AVE,32210,1,LOW
"PALM BEACH NATIONAL GOLF AND COUNTRY CLUB, INC.",561-965-0044,561-965-0044,govdocs@corpcreations.com,LAKE WORTH,FL,7500 SAINT ANDREWS RD,33467,1,LOW
"SUGAR MILL COUNTRY CLUB, INC.",386-426-5200,386-426-5200,payroll@sugarmillcc.com,NEW SMYRNA BEACH,FL,100 CLUB HOUSE CIR,32168,1,LOW
"HIGHLAND WOODS GOLF & COUNTRY CLUB, INC.",239-495-9332,239-495-9332,DBEAUDETTE@MERZBACHLAW.COM,BONITA SPRINGS,FL,9100 HIGHLAND WOODS BOULEVARD,34136,1,LOW
"HEALTHY NOURISHMENTS 2GO, LLC",813-898-4848,813-898-4848,,WESLEY CHAPEL,FL,29112 PERILLI PL,33543,1,LOW
"CAIN FAMILY ENTERPRISES, LLC",904-769-9060,904-769-9060,jeremy.cain@firehousesubs.com,MACCLENNY,FL,11 SOUTH BLVD EAST SUITE 205,32063,1,LOW
WOODS PROJECTS LLC,407-436-4618,407-436-4618,mykeyz73@me.com,LAKE CITY,FL,149 SW WOOLSEY GIN,32024,1,LOW
"SUBWAY 399, INC",850-384-5232,850-384-5232,ponce937@gmail.com,GULF BREEZE,FL,1525 OCEAN BREEZE LANE,32563,1,LOW
"AJEEN, LLC",904-396-9922,904-396-9922,accounting@mhospitalityfl.com,JACKSONVILLE,FL,2107 HENDRICKS AVE,32207,1,LOW
"SCENIC STAYS, LLC",850-654-6217,850-654-6217; 231-330-4674,anne@bbahoa.com,DESTIN,FL,P O BOX 5383,32540,1,LOW
"CINNAMON TREE CAFE, L.L.C.",386-341-2205,386-341-2205,kodybologna@gmail.com,PORT ORANGE,FL,1665 DUNLAWTON AVESUITE 103,32127,1,LOW
PEREZ SERGIO,954-662-4891,954-662-4891,,STUART,FL,2961 SW PORPOISE CIR,34997,1,LOW
"BEACH LUXURY VACATIONS, LLC",850-737-0044,850-737-0044,tabitha@beachluxuryvacations.com,MIRAMAR BEACH,FL,28 ANTILLES COVE,32550,1,LOW
